<?xml version = '1.0' encoding = 'UTF-8'?>
<Diagram class="oracle.dbtools.crest.swingui.logical.DPVLogical" name="Logical" id="025EAB39-7B13-3AC1-FE42-6456E00E563E">
<createdBy>Formateur_DEV</createdBy>
<modifiedBy>Formateur_DEV</modifiedBy>
<createdTime>2017-04-06 10:05:43 UTC</createdTime>
<autoRoute>false</autoRoute>
<boxInbox>true</boxInbox>
<showLegend>false</showLegend>
<showLabels>false</showLabels>
<showRelAttributes>false</showRelAttributes>
<gridEnabled>false</gridEnabled>
<showGrid>false</showGrid>
<diagramColor>-1</diagramColor>
<display>false</display>
<notation>1</notation>
<objectViews>
<OView class="oracle.dbtools.crest.swingui.logical.TVEntity" oid="01D1DC5D-6223-DBCE-6A03-CDC6E70910DB" otype="Entity" vid="041143AE-4E94-C2EF-2518-1A563D60ABE7">
<hideElementsInCurrentOnly>false</hideElementsInCurrentOnly>
<bounds x="554" y="211" width="121" height="59"/>
</OView>
<OView class="oracle.dbtools.crest.swingui.logical.TVEntity" oid="75893FE3-95A3-4EF5-DE84-9D729EAA32CA" otype="Entity" vid="D1A0F2CC-28A2-89E0-6CA0-B521614F5262">
<hideElementsInCurrentOnly>false</hideElementsInCurrentOnly>
<bounds x="11" y="197" width="102" height="62"/>
</OView>
<OView class="oracle.dbtools.crest.swingui.logical.TVEntity" oid="8BABBD79-4754-2F4C-5FA6-14C12E053DAD" otype="Entity" vid="115EF472-AD80-9E53-E8B9-1F2E2A3753AF">
<hideElementsInCurrentOnly>false</hideElementsInCurrentOnly>
<bounds x="208" y="71" width="104" height="70"/>
</OView>
<OView class="oracle.dbtools.crest.swingui.logical.TVEntity" oid="9BB6C61B-3951-0B04-76D5-AAB4CABA6DC8" otype="Entity" vid="6E665FC5-344C-0DB5-05F8-8022EB441A98">
<hideElementsInCurrentOnly>false</hideElementsInCurrentOnly>
<bounds x="27" y="62" width="117" height="83"/>
</OView>
<OView class="oracle.dbtools.crest.swingui.logical.TVEntity" oid="C3F22D7E-AC21-DCCC-14AD-DD9B12D1CA03" otype="Entity" vid="F8E23352-A7BD-31C7-B502-FD940F6DC7FA">
<hideElementsInCurrentOnly>false</hideElementsInCurrentOnly>
<bounds x="364" y="201" width="143" height="62"/>
</OView>
<OView class="oracle.dbtools.crest.swingui.logical.TVEntity" oid="D72BB73E-8DC9-61D2-E732-60B5B9ED1BD0" otype="Entity" vid="C4104817-DBA2-B608-8C14-60A003D84DA0">
<hideElementsInCurrentOnly>false</hideElementsInCurrentOnly>
<bounds x="401" y="72" width="125" height="76"/>
</OView>
<OView class="oracle.dbtools.crest.swingui.logical.TVEntity" oid="FD30F7C0-C1AA-2A39-3C9E-74244C0E68C6" otype="Entity" vid="7A37B52B-E016-22F4-7B0A-13EE76DBDB4D">
<hideElementsInCurrentOnly>false</hideElementsInCurrentOnly>
<bounds x="190" y="195" width="111" height="65"/>
</OView>
</objectViews>
<connectors>
<Connector class="oracle.dbtools.crest.swingui.logical.TVRelation" oid="19292897-64E1-DA29-1311-FE636C6CE87A" otype="Relation" vid_source="D1A0F2CC-28A2-89E0-6CA0-B521614F5262" vid_target="7A37B52B-E016-22F4-7B0A-13EE76DBDB4D">
<hideElementsInCurrentOnly>false</hideElementsInCurrentOnly>
<lineWidth>1</lineWidth>
<points>
<point x="113" y="228"/>
<point x="190" y="228"/>
</points>
</Connector>
<Connector class="oracle.dbtools.crest.swingui.logical.TVRelation" oid="27035388-055A-FC43-949E-469807C9CCB1" otype="Relation" vid_source="F8E23352-A7BD-31C7-B502-FD940F6DC7FA" vid_target="041143AE-4E94-C2EF-2518-1A563D60ABE7">
<hideElementsInCurrentOnly>false</hideElementsInCurrentOnly>
<lineWidth>1</lineWidth>
<points>
<point x="507" y="237"/>
<point x="554" y="237"/>
</points>
</Connector>
<Connector class="oracle.dbtools.crest.swingui.logical.TVRelation" oid="E1503F3B-DF0D-4DE7-7EBC-34FAFD1E01F1" otype="Relation" vid_source="6E665FC5-344C-0DB5-05F8-8022EB441A98" vid_target="115EF472-AD80-9E53-E8B9-1F2E2A3753AF">
<hideElementsInCurrentOnly>false</hideElementsInCurrentOnly>
<lineWidth>1</lineWidth>
<points>
<point x="144" y="106"/>
<point x="208" y="106"/>
</points>
</Connector>
<Connector class="oracle.dbtools.crest.swingui.logical.TVRelation" oid="E2C101D0-8B1C-77CF-349A-9B0F07026391" otype="Relation" vid_source="F8E23352-A7BD-31C7-B502-FD940F6DC7FA" vid_target="7A37B52B-E016-22F4-7B0A-13EE76DBDB4D">
<hideElementsInCurrentOnly>false</hideElementsInCurrentOnly>
<lineWidth>1</lineWidth>
<points>
<point x="364" y="230"/>
<point x="301" y="230"/>
</points>
</Connector>
<Connector class="oracle.dbtools.crest.swingui.logical.TVRelation" oid="F923B109-1634-5DBE-3C3E-DD79C8F50FE4" otype="Relation" vid_source="115EF472-AD80-9E53-E8B9-1F2E2A3753AF" vid_target="C4104817-DBA2-B608-8C14-60A003D84DA0">
<hideElementsInCurrentOnly>false</hideElementsInCurrentOnly>
<lineWidth>1</lineWidth>
<points>
<point x="312" y="106"/>
<point x="401" y="106"/>
</points>
</Connector>
</connectors>
</Diagram>