<?xml version = '1.0' encoding = 'UTF-8'?>
<Diagram class="oracle.dbtools.crest.swingui.relational.DPVRelational" name="MPD_Manuel" id="8970A684-1730-A48A-4B89-51069C1F312A">
<createdBy>Cyril</createdBy>
<modifiedBy>Cyril</modifiedBy>
<createdTime>2017-04-09 15:02:57 UTC</createdTime>
<autoRoute>false</autoRoute>
<boxInbox>false</boxInbox>
<showLegend>false</showLegend>
<showLabels>false</showLabels>
<showRelAttributes>false</showRelAttributes>
<gridEnabled>false</gridEnabled>
<showGrid>false</showGrid>
<diagramColor>-1</diagramColor>
<display>false</display>
<notation>1</notation>
<objectViews>
<OView class="oracle.dbtools.crest.swingui.relational.TVTable" oid="2FF89B8C-F065-DE70-21DF-EDC304F3CACB" otype="Table" vid="05926449-8EC3-F923-0B95-6EB544329844">
<hideElementsInCurrentOnly>false</hideElementsInCurrentOnly>
<bounds x="185" y="249" width="170" height="110"/>
</OView>
<OView class="oracle.dbtools.crest.swingui.relational.TVTable" oid="45BE705D-8492-B034-855B-2EEE3099F2F6" otype="Table" vid="4E333028-43E1-C46A-0E6E-D7C2C2F9E836">
<hideElementsInCurrentOnly>false</hideElementsInCurrentOnly>
<bounds x="266" y="455" width="170" height="110"/>
</OView>
<OView class="oracle.dbtools.crest.swingui.relational.TVTable" oid="58A60A44-FFFF-654C-193F-6E32483CC14E" otype="Table" vid="37279BBF-66EF-E45A-BF51-5431845D8DB3">
<hideElementsInCurrentOnly>false</hideElementsInCurrentOnly>
<bounds x="23" y="46" width="212" height="110"/>
</OView>
<OView class="oracle.dbtools.crest.swingui.relational.TVTable" oid="5E3FA244-582E-A010-3217-D99FA45850E0" otype="Table" vid="E5373CB2-6D5F-BCEC-E73D-82AD317CF1C3">
<hideElementsInCurrentOnly>false</hideElementsInCurrentOnly>
<bounds x="416" y="51" width="170" height="110"/>
</OView>
<OView class="oracle.dbtools.crest.swingui.relational.TVTable" oid="8C768FBA-DF50-5140-602F-30446E9406A4" otype="Table" vid="EEAAA54D-8DB4-718A-6C40-4DBF7B204F70">
<hideElementsInCurrentOnly>false</hideElementsInCurrentOnly>
<bounds x="403" y="255" width="170" height="110"/>
</OView>
<OView class="oracle.dbtools.crest.swingui.relational.TVTable" oid="E9AE5FCA-54B4-EA8F-30CE-3BEAC962DE39" otype="Table" vid="DCAF495C-E034-4E67-29F3-759B38653C0A">
<hideElementsInCurrentOnly>false</hideElementsInCurrentOnly>
<bounds x="37" y="461" width="170" height="110"/>
</OView>
</objectViews>
<connectors>
<Connector class="oracle.dbtools.crest.swingui.relational.TVFKRelation" oid="129890B2-AB1F-B1A8-0EEF-DE2F27CDCFA7" otype="FKIndexAssociation" vid_source="DCAF495C-E034-4E67-29F3-759B38653C0A" vid_target="37279BBF-66EF-E45A-BF51-5431845D8DB3">
<hideElementsInCurrentOnly>false</hideElementsInCurrentOnly>
<lineWidth>1</lineWidth>
<points>
<point x="122" y="461"/>
<point x="122" y="156"/>
</points>
</Connector>
<Connector class="oracle.dbtools.crest.swingui.relational.TVFKRelation" oid="1A9AB85C-C8FF-F194-96E7-508490221616" otype="FKIndexAssociation" vid_source="05926449-8EC3-F923-0B95-6EB544329844" vid_target="37279BBF-66EF-E45A-BF51-5431845D8DB3">
<hideElementsInCurrentOnly>false</hideElementsInCurrentOnly>
<lineWidth>1</lineWidth>
<points>
<point x="210" y="249"/>
<point x="210" y="156"/>
</points>
</Connector>
<Connector class="oracle.dbtools.crest.swingui.relational.TVFKRelation" oid="52365034-AD74-51FE-64F7-C92E09CDF53A" otype="FKIndexAssociation" vid_source="E5373CB2-6D5F-BCEC-E73D-82AD317CF1C3" vid_target="37279BBF-66EF-E45A-BF51-5431845D8DB3">
<hideElementsInCurrentOnly>false</hideElementsInCurrentOnly>
<lineWidth>1</lineWidth>
<points>
<point x="416" y="103"/>
<point x="235" y="103"/>
</points>
</Connector>
<Connector class="oracle.dbtools.crest.swingui.relational.TVFKRelation" oid="6601997B-4A9A-AF19-A54B-5FFE50E4DF34" otype="FKIndexAssociation" vid_source="4E333028-43E1-C46A-0E6E-D7C2C2F9E836" vid_target="EEAAA54D-8DB4-718A-6C40-4DBF7B204F70">
<hideElementsInCurrentOnly>false</hideElementsInCurrentOnly>
<lineWidth>1</lineWidth>
<points>
<point x="412" y="455"/>
<point x="412" y="365"/>
</points>
</Connector>
<Connector class="oracle.dbtools.crest.swingui.relational.TVFKRelation" oid="9DF6E6B7-09ED-146B-CAF3-16559554BD3F" otype="FKIndexAssociation" vid_source="05926449-8EC3-F923-0B95-6EB544329844" vid_target="E5373CB2-6D5F-BCEC-E73D-82AD317CF1C3">
<hideElementsInCurrentOnly>false</hideElementsInCurrentOnly>
<lineWidth>1</lineWidth>
<points>
<point x="338" y="249"/>
<point x="429" y="161"/>
</points>
</Connector>
<Connector class="oracle.dbtools.crest.swingui.relational.TVFKRelation" oid="ADAFF722-9726-4CAD-4E12-547330CC05B8" otype="FKIndexAssociation" vid_source="4E333028-43E1-C46A-0E6E-D7C2C2F9E836" vid_target="05926449-8EC3-F923-0B95-6EB544329844">
<hideElementsInCurrentOnly>false</hideElementsInCurrentOnly>
<lineWidth>1</lineWidth>
<points>
<point x="302" y="455"/>
<point x="300" y="359"/>
</points>
</Connector>
<Connector class="oracle.dbtools.crest.swingui.relational.TVFKRelation" oid="B10CF47F-C4E8-0F2E-A866-8638875C3879" otype="FKIndexAssociation" vid_source="E5373CB2-6D5F-BCEC-E73D-82AD317CF1C3" vid_target="EEAAA54D-8DB4-718A-6C40-4DBF7B204F70">
<hideElementsInCurrentOnly>false</hideElementsInCurrentOnly>
<lineWidth>1</lineWidth>
<points>
<point x="494" y="161"/>
<point x="494" y="255"/>
</points>
</Connector>
</connectors>
<arcs>
<Arc class="oracle.dbtools.crest.swingui.relational.TVFKArc" oid="AD35CC25-1C2B-AE38-070D-EA9594A2D286" otype="FKArc" vid="9E50CA39-5E99-24D7-AEAD-A655965782A6">
<hideElementsInCurrentOnly>false</hideElementsInCurrentOnly>
<bounds x="246" y="435" width="210" height="150"/>
</Arc>
</arcs>
</Diagram>