<?xml version = '1.0' encoding = 'UTF-8'?>
<Entity class="oracle.dbtools.crest.model.design.logical.Entity" directorySegmentName="seg_0" id="28DD5A50-4BFB-27E1-8275-17325065F217" name="Service">
<createdBy>Formateur_DEV</createdBy>
<createdTime>2017-04-06 12:05:18 UTC</createdTime>
<ownerDesignName>Entreprise</ownerDesignName>
<engineerTo>
<item key="D686763B-43DF-3978-1B0C-E11F65007FE3" value="true"/>
</engineerTo>
<adequatelyNormalized>NO</adequatelyNormalized>
<expectedVolumes>0</expectedVolumes>
<fwdEngineeringStrategyName>Single Table</fwdEngineeringStrategyName>
<growthPercent>0</growthPercent>
<growthType>Year</growthType>
<maxVolumes>9999999</maxVolumes>
<minVolumes>0</minVolumes>
<normalForm>Third</normalForm>
<attributes itemClass="oracle.dbtools.crest.model.design.logical.Attribute">
<Attribute name="Code" id="E8960B71-4D93-C733-3836-5B53C10A749E">
<createdBy>Formateur_DEV</createdBy>
<createdTime>2017-04-06 12:06:28 UTC</createdTime>
<ownerDesignName>Entreprise</ownerDesignName>
<engineerTo>
<item key="D686763B-43DF-3978-1B0C-E11F65007FE3" value="true"/>
</engineerTo>
<useDomainConstraints>false</useDomainConstraints>
<use>1</use>
<ownDataTypeParameters>,,</ownDataTypeParameters>
</Attribute>
<Attribute name="Nom" id="68787FD7-42F6-016F-8747-8C79360A809B">
<createdBy>Formateur_DEV</createdBy>
<createdTime>2017-04-06 12:07:43 UTC</createdTime>
<ownerDesignName>Entreprise</ownerDesignName>
<engineerTo>
<item key="D686763B-43DF-3978-1B0C-E11F65007FE3" value="true"/>
</engineerTo>
<useDomainConstraints>false</useDomainConstraints>
<use>1</use>
<logicalDatatype>LOGDT037</logicalDatatype>
<ownDataTypeParameters>,,</ownDataTypeParameters>
</Attribute>
</attributes>
<identifiers itemClass="oracle.dbtools.crest.model.design.logical.CandidateKey">
<identifier id="D5BE5057-518A-FE2B-2646-D99E07A6600F" name="Service PK">
<createdBy>Formateur_DEV</createdBy>
<createdTime>2017-04-06 12:06:38 UTC</createdTime>
<ownerDesignName>Entreprise</ownerDesignName>
<engineerTo>
<item key="D686763B-43DF-3978-1B0C-E11F65007FE3" value="true"/>
</engineerTo>
<pk>true</pk>
<usedAttributes>
<attributeRef>E8960B71-4D93-C733-3836-5B53C10A749E</attributeRef>
</usedAttributes>
</identifier>
</identifiers>
</Entity>