<?xml version = '1.0' encoding = 'UTF-8'?>
<Entity class="oracle.dbtools.crest.model.design.logical.Entity" directorySegmentName="seg_0" id="391D6E66-134F-238C-BEF2-5A680542F065" name="Projet">
<createdBy>Formateur_DEV</createdBy>
<createdTime>2017-04-06 12:05:58 UTC</createdTime>
<ownerDesignName>Entreprise</ownerDesignName>
<engineerTo>
<item key="D686763B-43DF-3978-1B0C-E11F65007FE3" value="true"/>
</engineerTo>
<adequatelyNormalized>NO</adequatelyNormalized>
<expectedVolumes>0</expectedVolumes>
<fwdEngineeringStrategyName>Single Table</fwdEngineeringStrategyName>
<growthPercent>0</growthPercent>
<growthType>Year</growthType>
<maxVolumes>9999999</maxVolumes>
<minVolumes>0</minVolumes>
<normalForm>Third</normalForm>
<attributes itemClass="oracle.dbtools.crest.model.design.logical.Attribute">
<Attribute name="Code" id="9471D658-DA95-E5A2-F58B-A9E500DD5849">
<createdBy>Formateur_DEV</createdBy>
<createdTime>2017-04-06 12:13:38 UTC</createdTime>
<ownerDesignName>Entreprise</ownerDesignName>
<engineerTo>
<item key="D686763B-43DF-3978-1B0C-E11F65007FE3" value="true"/>
</engineerTo>
<useDomainConstraints>false</useDomainConstraints>
<use>1</use>
<ownDataTypeParameters>,,</ownDataTypeParameters>
</Attribute>
<Attribute name="Nom" id="F30F1CEC-5BFC-23DC-AE98-68525E69D93A">
<createdBy>Formateur_DEV</createdBy>
<createdTime>2017-04-06 12:13:55 UTC</createdTime>
<ownerDesignName>Entreprise</ownerDesignName>
<engineerTo>
<item key="D686763B-43DF-3978-1B0C-E11F65007FE3" value="true"/>
</engineerTo>
<useDomainConstraints>false</useDomainConstraints>
<use>1</use>
<logicalDatatype>LOGDT037</logicalDatatype>
<ownDataTypeParameters>,,</ownDataTypeParameters>
</Attribute>
<Attribute name="Code1" id="6C7DD65A-39C1-771C-4BD0-A5FC3CDD8D6E">
<createdBy>Formateur_DEV</createdBy>
<createdTime>2017-04-06 12:25:07 UTC</createdTime>
<generatorID>45745B87-5F7D-F585-01B2-219967024A71</generatorID>
<ownerDesignName>Entreprise</ownerDesignName>
<engineerTo>
<item key="D686763B-43DF-3978-1B0C-E11F65007FE3" value="true"/>
</engineerTo>
<nullsAllowed>true</nullsAllowed>
<referedAttribute>E8960B71-4D93-C733-3836-5B53C10A749E</referedAttribute>
<useDomainConstraints>false</useDomainConstraints>
<use>1</use>
<ownDataTypeParameters>,,</ownDataTypeParameters>
</Attribute>
</attributes>
<identifiers itemClass="oracle.dbtools.crest.model.design.logical.CandidateKey">
<identifier id="D976744D-844B-7D9D-7563-3B9AF09EFC42" name="Projet PK">
<createdBy>Formateur_DEV</createdBy>
<createdTime>2017-04-06 12:14:24 UTC</createdTime>
<ownerDesignName>Entreprise</ownerDesignName>
<engineerTo>
<item key="D686763B-43DF-3978-1B0C-E11F65007FE3" value="true"/>
</engineerTo>
<pk>true</pk>
<usedAttributes>
<attributeRef>9471D658-DA95-E5A2-F58B-A9E500DD5849</attributeRef>
</usedAttributes>
</identifier>
</identifiers>
</Entity>