<?xml version = '1.0' encoding = 'UTF-8'?>
<Entity class="oracle.dbtools.crest.model.design.logical.Entity" directorySegmentName="seg_0" id="DBDBE8F1-04D9-3BF9-C2D9-570813812E79" name="Fonction">
<createdBy>Formateur_DEV</createdBy>
<createdTime>2017-04-06 12:06:06 UTC</createdTime>
<ownerDesignName>Entreprise</ownerDesignName>
<engineerTo>
<item key="D686763B-43DF-3978-1B0C-E11F65007FE3" value="true"/>
</engineerTo>
<adequatelyNormalized>NO</adequatelyNormalized>
<expectedVolumes>0</expectedVolumes>
<fwdEngineeringStrategyName>Single Table</fwdEngineeringStrategyName>
<growthPercent>0</growthPercent>
<growthType>Year</growthType>
<maxVolumes>9999999</maxVolumes>
<minVolumes>0</minVolumes>
<normalForm>Third</normalForm>
<attributes itemClass="oracle.dbtools.crest.model.design.logical.Attribute">
<Attribute name="Code" id="28AE591F-748A-DFB2-0587-307BFD199BB0">
<createdBy>Formateur_DEV</createdBy>
<createdTime>2017-04-06 12:12:29 UTC</createdTime>
<ownerDesignName>Entreprise</ownerDesignName>
<engineerTo>
<item key="D686763B-43DF-3978-1B0C-E11F65007FE3" value="true"/>
</engineerTo>
<useDomainConstraints>false</useDomainConstraints>
<use>1</use>
<ownDataTypeParameters>,,</ownDataTypeParameters>
</Attribute>
<Attribute name="Libellé" id="858A9CE0-5A7D-8AAC-0B9D-0CC2567FB1A8">
<createdBy>Formateur_DEV</createdBy>
<createdTime>2017-04-06 12:12:40 UTC</createdTime>
<ownerDesignName>Entreprise</ownerDesignName>
<engineerTo>
<item key="D686763B-43DF-3978-1B0C-E11F65007FE3" value="true"/>
</engineerTo>
<useDomainConstraints>false</useDomainConstraints>
<use>1</use>
<logicalDatatype>LOGDT037</logicalDatatype>
<ownDataTypeParameters>,,</ownDataTypeParameters>
</Attribute>
</attributes>
<identifiers itemClass="oracle.dbtools.crest.model.design.logical.CandidateKey">
<identifier id="CCE7568A-CA6D-E9D5-0488-1A9BAF978820" name="Entity_4 PK">
<createdBy>Formateur_DEV</createdBy>
<createdTime>2017-04-06 12:12:37 UTC</createdTime>
<ownerDesignName>Entreprise</ownerDesignName>
<engineerTo>
<item key="D686763B-43DF-3978-1B0C-E11F65007FE3" value="true"/>
</engineerTo>
<pk>true</pk>
<usedAttributes>
<attributeRef>28AE591F-748A-DFB2-0587-307BFD199BB0</attributeRef>
</usedAttributes>
</identifier>
</identifiers>
</Entity>