<?xml version = '1.0' encoding = 'UTF-8'?>
<Entity class="oracle.dbtools.crest.model.design.logical.Entity" directorySegmentName="seg_0" id="0E0E83DF-640D-CC07-E039-C32D56B83F80" name="Match">
<createdBy>Formateur_DEV</createdBy>
<createdTime>2017-04-07 12:20:57 UTC</createdTime>
<ownerDesignName>GrandChelem</ownerDesignName>
<engineerTo>
<item key="ECC7F513-5DFA-04B0-CB5C-0752A54F0E6B" value="true"/>
</engineerTo>
<adequatelyNormalized>NO</adequatelyNormalized>
<expectedVolumes>0</expectedVolumes>
<fwdEngineeringStrategyName>Single Table</fwdEngineeringStrategyName>
<growthPercent>0</growthPercent>
<growthType>Year</growthType>
<maxVolumes>9999999</maxVolumes>
<minVolumes>0</minVolumes>
<normalForm>Third</normalForm>
<attributes itemClass="oracle.dbtools.crest.model.design.logical.Attribute">
<Attribute name="Numéro" id="244560D2-5141-930E-4832-A86F1326BB65">
<createdBy>Formateur_DEV</createdBy>
<createdTime>2017-04-07 12:32:41 UTC</createdTime>
<ownerDesignName>GrandChelem</ownerDesignName>
<engineerTo>
<item key="ECC7F513-5DFA-04B0-CB5C-0752A54F0E6B" value="true"/>
</engineerTo>
<useDomainConstraints>false</useDomainConstraints>
<use>1</use>
<logicalDatatype>LOGDT018</logicalDatatype>
<ownDataTypeParameters>,,</ownDataTypeParameters>
</Attribute>
<Attribute name="Rang" id="00AEDBC5-CD83-0C0D-6A77-98B98D1CA327">
<createdBy>Formateur_DEV</createdBy>
<createdTime>2017-04-07 12:24:44 UTC</createdTime>
<ownerDesignName>GrandChelem</ownerDesignName>
<engineerTo>
<item key="ECC7F513-5DFA-04B0-CB5C-0752A54F0E6B" value="true"/>
</engineerTo>
<useDomainConstraints>false</useDomainConstraints>
<use>1</use>
<logicalDatatype>LOGDT042</logicalDatatype>
<ownDataTypeParameters>,,</ownDataTypeParameters>
</Attribute>
<Attribute name="Date" id="ABB71D9F-E2C6-D4E3-C983-32DC3563A9C4">
<createdBy>Formateur_DEV</createdBy>
<createdTime>2017-04-07 12:32:22 UTC</createdTime>
<ownerDesignName>GrandChelem</ownerDesignName>
<engineerTo>
<item key="ECC7F513-5DFA-04B0-CB5C-0752A54F0E6B" value="true"/>
</engineerTo>
<useDomainConstraints>false</useDomainConstraints>
<use>1</use>
<logicalDatatype>LOGDT007</logicalDatatype>
<ownDataTypeParameters>,,</ownDataTypeParameters>
</Attribute>
<Attribute name="Type" id="89D11427-DAF4-0554-21D4-1D72DB7305CF">
<createdBy>Formateur_DEV</createdBy>
<createdTime>2017-04-07 12:38:46 UTC</createdTime>
<ownerDesignName>GrandChelem</ownerDesignName>
<engineerTo>
<item key="ECC7F513-5DFA-04B0-CB5C-0752A54F0E6B" value="true"/>
</engineerTo>
<useDomainConstraints>false</useDomainConstraints>
<use>1</use>
<logicalDatatype>LOGDT042</logicalDatatype>
<ownDataTypeParameters>,,</ownDataTypeParameters>
</Attribute>
<Attribute name="Score" id="3725C468-3F9C-2E12-677A-B99392350C40">
<createdBy>Formateur_DEV</createdBy>
<createdTime>2017-04-07 12:24:48 UTC</createdTime>
<ownerDesignName>GrandChelem</ownerDesignName>
<engineerTo>
<item key="ECC7F513-5DFA-04B0-CB5C-0752A54F0E6B" value="true"/>
</engineerTo>
<nullsAllowed>true</nullsAllowed>
<use>0</use>
<logicalDatatype>LOGDT037</logicalDatatype>
<domain>680A30BF-342B-4E15-4F53-EB84BFCF4A74</domain>
<ownDataTypeParameters>,,</ownDataTypeParameters>
</Attribute>
<Attribute name="Id" id="4D957358-CEAC-5A86-9745-CEDC0089E557">
<createdBy>Formateur_DEV</createdBy>
<createdTime>2017-04-07 12:25:33 UTC</createdTime>
<generatorID>2AEFE270-E9FF-8F00-4065-BEF93389174A</generatorID>
<ownerDesignName>GrandChelem</ownerDesignName>
<engineerTo>
<item key="ECC7F513-5DFA-04B0-CB5C-0752A54F0E6B" value="true"/>
</engineerTo>
<referedAttribute>E3F180B1-4837-9A89-B6A1-BAD4A558E8BD</referedAttribute>
<use>0</use>
<logicalDatatype>LOGDT011</logicalDatatype>
<domain>C12ED81C-82AF-1FAF-5F61-558D4710BBC1</domain>
<ownDataTypeParameters>,,</ownDataTypeParameters>
</Attribute>
<Attribute name="Id1" id="37A66CB3-16D5-5711-ADBD-380BE9F4B856">
<createdBy>Cyril</createdBy>
<createdTime>2017-04-09 17:58:03 UTC</createdTime>
<generatorID>5BB05A2C-31A2-FB30-5A6A-3E5B9CA32E02</generatorID>
<ownerDesignName>GrandChelem</ownerDesignName>
<engineerTo>
<item key="ECC7F513-5DFA-04B0-CB5C-0752A54F0E6B" value="true"/>
</engineerTo>
<referedAttribute>43A53C82-8DD5-7E9C-206B-3AB41BFE874E</referedAttribute>
<use>0</use>
<ownDataTypeParameters>,,</ownDataTypeParameters>
</Attribute>
</attributes>
<identifiers itemClass="oracle.dbtools.crest.model.design.logical.CandidateKey">
<identifier id="97DF89FE-852E-36F0-AACA-90FA11E778D8" name="Match PK">
<createdBy>Formateur_DEV</createdBy>
<createdTime>2017-04-07 12:32:44 UTC</createdTime>
<ownerDesignName>GrandChelem</ownerDesignName>
<engineerTo>
<item key="ECC7F513-5DFA-04B0-CB5C-0752A54F0E6B" value="true"/>
</engineerTo>
<pk>true</pk>
<usedAttributes>
<attributeRef>244560D2-5141-930E-4832-A86F1326BB65</attributeRef>
</usedAttributes>
</identifier>
</identifiers>
</Entity>