<?xml version = '1.0' encoding = 'UTF-8'?>
<Entity class="oracle.dbtools.crest.model.design.logical.Entity" directorySegmentName="seg_0" id="1B132BE9-6981-7A4F-E878-E35088B07C30" name="Prix">
<createdBy>Formateur_DEV</createdBy>
<createdTime>2017-04-07 14:11:26 UTC</createdTime>
<ownerDesignName>GrandChelem</ownerDesignName>
<engineerTo>
<item key="ECC7F513-5DFA-04B0-CB5C-0752A54F0E6B" value="true"/>
</engineerTo>
<adequatelyNormalized>NO</adequatelyNormalized>
<expectedVolumes>0</expectedVolumes>
<fwdEngineeringStrategyName>Single Table</fwdEngineeringStrategyName>
<growthPercent>0</growthPercent>
<growthType>Year</growthType>
<maxVolumes>9999999</maxVolumes>
<minVolumes>0</minVolumes>
<normalForm>Third</normalForm>
<attributes itemClass="oracle.dbtools.crest.model.design.logical.Attribute">
<Attribute name="Rang" id="BADE820A-E74A-B673-214D-F80ADC31C98C">
<createdBy>Formateur_DEV</createdBy>
<createdTime>2017-04-07 14:11:39 UTC</createdTime>
<ownerDesignName>GrandChelem</ownerDesignName>
<engineerTo>
<item key="ECC7F513-5DFA-04B0-CB5C-0752A54F0E6B" value="true"/>
</engineerTo>
<useDomainConstraints>false</useDomainConstraints>
<use>1</use>
<logicalDatatype>LOGDT042</logicalDatatype>
<ownDataTypeParameters>,,</ownDataTypeParameters>
</Attribute>
<Attribute name="Montant" id="E15BD09C-430D-19B4-35A6-D4C4EFA8087A">
<createdBy>Formateur_DEV</createdBy>
<createdTime>2017-04-07 14:11:47 UTC</createdTime>
<ownerDesignName>GrandChelem</ownerDesignName>
<engineerTo>
<item key="ECC7F513-5DFA-04B0-CB5C-0752A54F0E6B" value="true"/>
</engineerTo>
<use>0</use>
<logicalDatatype>LOGDT043</logicalDatatype>
<domain>FAFCBEBA-E87A-904F-F76B-D7A590DD90A9</domain>
<ownDataTypeParameters>,,</ownDataTypeParameters>
</Attribute>
<Attribute name="Id" id="1F37211D-F7CD-4E0C-2962-4BE0BB5D90E5">
<createdBy>Formateur_DEV</createdBy>
<createdTime>2017-04-07 14:12:10 UTC</createdTime>
<generatorID>E06CE1DA-2875-27F3-0EB7-12943BFEA2C2</generatorID>
<ownerDesignName>GrandChelem</ownerDesignName>
<engineerTo>
<item key="ECC7F513-5DFA-04B0-CB5C-0752A54F0E6B" value="true"/>
</engineerTo>
<referedAttribute>E3F180B1-4837-9A89-B6A1-BAD4A558E8BD</referedAttribute>
<use>0</use>
<logicalDatatype>LOGDT011</logicalDatatype>
<domain>C12ED81C-82AF-1FAF-5F61-558D4710BBC1</domain>
<ownDataTypeParameters>,,</ownDataTypeParameters>
</Attribute>
</attributes>
<identifiers itemClass="oracle.dbtools.crest.model.design.logical.CandidateKey">
<identifier id="80221AB0-9CCD-8850-6944-AA625A9CBF48" name="Prix PK">
<createdBy>Formateur_DEV</createdBy>
<createdTime>2017-04-07 14:11:56 UTC</createdTime>
<ownerDesignName>GrandChelem</ownerDesignName>
<engineerTo>
<item key="ECC7F513-5DFA-04B0-CB5C-0752A54F0E6B" value="true"/>
</engineerTo>
<pk>true</pk>
<usedAttributes>
<attributeRef>BADE820A-E74A-B673-214D-F80ADC31C98C</attributeRef>
</usedAttributes>
</identifier>
</identifiers>
</Entity>