<?xml version = '1.0' encoding = 'UTF-8'?>
<Entity class="oracle.dbtools.crest.model.design.logical.Entity" directorySegmentName="seg_0" id="1B99A3F2-A1A5-2702-2F4E-D2838E32AC5F" name="Joueur">
<createdBy>Formateur_DEV</createdBy>
<createdTime>2017-04-07 12:20:31 UTC</createdTime>
<ownerDesignName>GrandChelem</ownerDesignName>
<engineerTo>
<item key="ECC7F513-5DFA-04B0-CB5C-0752A54F0E6B" value="true"/>
</engineerTo>
<adequatelyNormalized>NO</adequatelyNormalized>
<expectedVolumes>0</expectedVolumes>
<fwdEngineeringStrategyName>Single Table</fwdEngineeringStrategyName>
<growthPercent>0</growthPercent>
<growthType>Year</growthType>
<hierarchicalParent>7ECF3658-ABFA-99BA-228F-73F0CE5DDAF0</hierarchicalParent>
<maxVolumes>9999999</maxVolumes>
<minVolumes>0</minVolumes>
<normalForm>Third</normalForm>
<attributes itemClass="oracle.dbtools.crest.model.design.logical.Attribute">
<Attribute name="Numéro" id="BE2D6878-7E77-EF98-D537-3DC2B789E4E5">
<createdBy>Formateur_DEV</createdBy>
<createdTime>2017-04-07 12:32:46 UTC</createdTime>
<generatorID>4460D8FF-DC26-B760-768D-6CFE18170AE1</generatorID>
<ownerDesignName>GrandChelem</ownerDesignName>
<engineerTo>
<item key="ECC7F513-5DFA-04B0-CB5C-0752A54F0E6B" value="true"/>
</engineerTo>
<referedAttribute>244560D2-5141-930E-4832-A86F1326BB65</referedAttribute>
<use>1</use>
<logicalDatatype>LOGDT018</logicalDatatype>
<ownDataTypeParameters>,,</ownDataTypeParameters>
</Attribute>
</attributes>
</Entity>