<?xml version = '1.0' encoding = 'UTF-8'?>
<Table class="oracle.dbtools.crest.model.design.relational.Table" directorySegmentName="seg_0" id="45BE705D-8492-B034-855B-2EEE3099F2F6" name="Personne">
<createdBy>Cyril</createdBy>
<createdTime>2017-04-09 15:04:36 UTC</createdTime>
<ownerDesignName>Lycée</ownerDesignName>
<ordsAlias>table_3</ordsAlias>
<existDependencyGenerateInDDl>true</existDependencyGenerateInDDl>
<parsed>true</parsed>
<columns itemClass="oracle.dbtools.crest.model.design.relational.Column">
<Column name="Id" id="D96D3630-5DEA-88F1-7710-BB199BB78D21">
<createdBy>Cyril</createdBy>
<createdTime>2017-04-09 15:05:43 UTC</createdTime>
<ownerDesignName>Lycée</ownerDesignName>
<use>0</use>
<logicalDatatype>LOGDT011</logicalDatatype>
<domain>C12ED81C-82AF-1FAF-5F61-558D4710BBC1</domain>
<ownDataTypeParameters>,,</ownDataTypeParameters>
<autoIncrementCycle>false</autoIncrementCycle>
</Column>
<Column name="Nom" id="EDE86073-A9DB-AE0D-2203-F8C3929E394A">
<createdBy>Cyril</createdBy>
<createdTime>2017-04-09 15:06:06 UTC</createdTime>
<ownerDesignName>Lycée</ownerDesignName>
<use>0</use>
<logicalDatatype>LOGDT037</logicalDatatype>
<domain>680A30BF-342B-4E15-4F53-EB84BFCF4A74</domain>
<ownDataTypeParameters>,,</ownDataTypeParameters>
<autoIncrementCycle>false</autoIncrementCycle>
</Column>
<Column name="Prénom" id="48D134C7-CE20-5C45-B1CF-A9BE04DB6BB1">
<createdBy>Cyril</createdBy>
<createdTime>2017-04-09 15:06:17 UTC</createdTime>
<ownerDesignName>Lycée</ownerDesignName>
<use>0</use>
<logicalDatatype>LOGDT037</logicalDatatype>
<domain>680A30BF-342B-4E15-4F53-EB84BFCF4A74</domain>
<ownDataTypeParameters>,,</ownDataTypeParameters>
<autoIncrementCycle>false</autoIncrementCycle>
</Column>
</columns>
<indexes itemClass="oracle.dbtools.crest.model.design.relational.Index">
<ind_PK_UK id="C96835C3-D59E-DCB4-EFB9-D18F1739898D" name="Personne_PK">
<createdBy>Cyril</createdBy>
<createdTime>2017-04-09 15:05:43 UTC</createdTime>
<ownerDesignName>Lycée</ownerDesignName>
<pk>true</pk>
<indexState>Primary Constraint</indexState>
<isSurrogateKey>false</isSurrogateKey>
<indexColumnUsage>
<colUsage columnID="D96D3630-5DEA-88F1-7710-BB199BB78D21"/>
</indexColumnUsage>
</ind_PK_UK>
</indexes>
</Table>