<?xml version = '1.0' encoding = 'UTF-8'?>
<Table class="oracle.dbtools.crest.model.design.relational.Table" directorySegmentName="seg_0" id="58A60A44-FFFF-654C-193F-6E32483CC14E" name="Enseignement">
<createdBy>Cyril</createdBy>
<createdTime>2017-04-09 15:04:50 UTC</createdTime>
<ownerDesignName>Lycée</ownerDesignName>
<ordsAlias>table_5</ordsAlias>
<existDependencyGenerateInDDl>true</existDependencyGenerateInDDl>
<parsed>true</parsed>
<columns itemClass="oracle.dbtools.crest.model.design.relational.Column">
<Column name="Classe_Code" id="B1E3D53C-C0A2-7B3B-B5E3-E9C7B80B9D8E">
<createdBy>Cyril</createdBy>
<createdTime>2017-04-09 16:03:45 UTC</createdTime>
<ownerDesignName>Lycée</ownerDesignName>
<use>0</use>
<logicalDatatype>LOGDT024</logicalDatatype>
<domain>5412AD9F-6422-FDBF-6956-FFF1ABCAE16E</domain>
<ownDataTypeParameters>,,</ownDataTypeParameters>
<previousColumn>false</previousColumn>
<autoIncrementCycle>false</autoIncrementCycle>
<associations>
<colAssociation fkAssociation="52365034-AD74-51FE-64F7-C92E09CDF53A" referredColumn="BBA4BBF6-DD0F-13E6-230B-4340C32E475F"/>
</associations>
</Column>
<Column name="Professeur_Id" id="1033EAF8-D3E8-71C5-D46B-CD89B226A6EB">
<createdBy>Cyril</createdBy>
<createdTime>2017-04-09 16:04:07 UTC</createdTime>
<ownerDesignName>Lycée</ownerDesignName>
<use>0</use>
<logicalDatatype>LOGDT011</logicalDatatype>
<domain>C12ED81C-82AF-1FAF-5F61-558D4710BBC1</domain>
<ownDataTypeParameters>,,</ownDataTypeParameters>
<previousColumn>false</previousColumn>
<autoIncrementCycle>false</autoIncrementCycle>
<associations>
<colAssociation fkAssociation="1A9AB85C-C8FF-F194-96E7-508490221616" referredColumn="4D1E8732-D423-41CF-776F-90DAC5ECCC17"/>
</associations>
</Column>
<Column name="Matière_Id" id="3EC05178-DB29-99B7-BB05-5019B88A7E19">
<createdBy>Cyril</createdBy>
<createdTime>2017-04-09 16:04:13 UTC</createdTime>
<ownerDesignName>Lycée</ownerDesignName>
<use>0</use>
<logicalDatatype>LOGDT011</logicalDatatype>
<domain>C12ED81C-82AF-1FAF-5F61-558D4710BBC1</domain>
<ownDataTypeParameters>,,</ownDataTypeParameters>
<previousColumn>false</previousColumn>
<autoIncrementCycle>false</autoIncrementCycle>
<associations>
<colAssociation fkAssociation="129890B2-AB1F-B1A8-0EEF-DE2F27CDCFA7" referredColumn="9229DB60-B50C-0CBF-6A00-B32FC0AEF6EA"/>
</associations>
</Column>
</columns>
<indexes itemClass="oracle.dbtools.crest.model.design.relational.Index">
<ind_PK_UK id="A21966BC-3FFA-4202-E40F-C05E07E5B700" name="Enseignement_PK">
<createdBy>Cyril</createdBy>
<createdTime>2017-04-09 16:04:31 UTC</createdTime>
<ownerDesignName>Lycée</ownerDesignName>
<pk>true</pk>
<indexState>Primary Constraint</indexState>
<isSurrogateKey>false</isSurrogateKey>
<indexColumnUsage>
<colUsage columnID="B1E3D53C-C0A2-7B3B-B5E3-E9C7B80B9D8E"/>
<colUsage columnID="1033EAF8-D3E8-71C5-D46B-CD89B226A6EB"/>
<colUsage columnID="3EC05178-DB29-99B7-BB05-5019B88A7E19"/>
</indexColumnUsage>
</ind_PK_UK>
<ind_PK_UK id="9BEE70BB-E04B-8559-6362-A43BCB3D335A" name="Enseignement_Classe_FK">
<createdBy>Cyril</createdBy>
<createdTime>2017-04-09 16:03:45 UTC</createdTime>
<ownerDesignName>Lycée</ownerDesignName>
<indexState>Foreign Key</indexState>
<isSurrogateKey>false</isSurrogateKey>
<indexColumnUsage>
<colUsage columnID="B1E3D53C-C0A2-7B3B-B5E3-E9C7B80B9D8E"/>
</indexColumnUsage>
</ind_PK_UK>
<ind_PK_UK id="27B29B4E-FDA1-0146-D70A-2C0F638ACE8A" name="Enseignement_Professeur_FK">
<createdBy>Cyril</createdBy>
<createdTime>2017-04-09 16:04:07 UTC</createdTime>
<ownerDesignName>Lycée</ownerDesignName>
<indexState>Foreign Key</indexState>
<isSurrogateKey>false</isSurrogateKey>
<indexColumnUsage>
<colUsage columnID="1033EAF8-D3E8-71C5-D46B-CD89B226A6EB"/>
</indexColumnUsage>
</ind_PK_UK>
<ind_PK_UK id="CB861C81-0656-D19E-56FA-E2B40F42A63A" name="Enseignement_Matière_FK">
<createdBy>Cyril</createdBy>
<createdTime>2017-04-09 16:04:13 UTC</createdTime>
<ownerDesignName>Lycée</ownerDesignName>
<indexState>Foreign Key</indexState>
<isSurrogateKey>false</isSurrogateKey>
<indexColumnUsage>
<colUsage columnID="3EC05178-DB29-99B7-BB05-5019B88A7E19"/>
</indexColumnUsage>
</ind_PK_UK>
</indexes>
</Table>