<?xml version = '1.0' encoding = 'UTF-8'?>
<Table class="oracle.dbtools.crest.model.design.relational.Table" directorySegmentName="seg_0" id="8C768FBA-DF50-5140-602F-30446E9406A4" name="Elève">
<createdBy>Cyril</createdBy>
<createdTime>2017-04-09 15:04:26 UTC</createdTime>
<ownerDesignName>Lycée</ownerDesignName>
<ordsAlias>table_2</ordsAlias>
<existDependencyGenerateInDDl>true</existDependencyGenerateInDDl>
<parsed>true</parsed>
<columns itemClass="oracle.dbtools.crest.model.design.relational.Column">
<Column name="Id" id="C445A53E-E15D-2C22-CAD4-FF637B692E54">
<createdBy>Cyril</createdBy>
<createdTime>2017-04-09 15:53:36 UTC</createdTime>
<ownerDesignName>Lycée</ownerDesignName>
<use>0</use>
<logicalDatatype>LOGDT011</logicalDatatype>
<domain>C12ED81C-82AF-1FAF-5F61-558D4710BBC1</domain>
<ownDataTypeParameters>,,</ownDataTypeParameters>
<previousColumn>false</previousColumn>
<autoIncrementCycle>false</autoIncrementCycle>
<associations>
<colAssociation fkAssociation="6601997B-4A9A-AF19-A54B-5FFE50E4DF34" referredColumn="D96D3630-5DEA-88F1-7710-BB199BB78D21"/>
</associations>
</Column>
<Column name="Classe_Code" id="870FF5FB-48A3-94C6-84C8-9162C5597BFE">
<createdBy>Cyril</createdBy>
<createdTime>2017-04-09 16:01:14 UTC</createdTime>
<ownerDesignName>Lycée</ownerDesignName>
<use>0</use>
<logicalDatatype>LOGDT024</logicalDatatype>
<domain>5412AD9F-6422-FDBF-6956-FFF1ABCAE16E</domain>
<ownDataTypeParameters>,,</ownDataTypeParameters>
<previousColumn>false</previousColumn>
<autoIncrementCycle>false</autoIncrementCycle>
<associations>
<colAssociation fkAssociation="B10CF47F-C4E8-0F2E-A866-8638875C3879" referredColumn="BBA4BBF6-DD0F-13E6-230B-4340C32E475F"/>
</associations>
</Column>
</columns>
<indexes itemClass="oracle.dbtools.crest.model.design.relational.Index">
<ind_PK_UK id="9B0A0092-C72A-F4AE-9817-BA9769A05BF5" name="Elève_PK">
<createdBy>Cyril</createdBy>
<createdTime>2017-04-09 15:55:25 UTC</createdTime>
<ownerDesignName>Lycée</ownerDesignName>
<pk>true</pk>
<indexState>Primary Constraint</indexState>
<isSurrogateKey>false</isSurrogateKey>
<indexColumnUsage>
<colUsage columnID="C445A53E-E15D-2C22-CAD4-FF637B692E54"/>
</indexColumnUsage>
</ind_PK_UK>
<ind_PK_UK id="4A8AF9DB-B11E-BD8A-9E57-A67712F18EB0" name="Elève_Personne_FK">
<createdBy>Cyril</createdBy>
<createdTime>2017-04-09 15:53:36 UTC</createdTime>
<ownerDesignName>Lycée</ownerDesignName>
<indexState>Foreign Key</indexState>
<isSurrogateKey>false</isSurrogateKey>
<indexColumnUsage>
<colUsage columnID="C445A53E-E15D-2C22-CAD4-FF637B692E54"/>
</indexColumnUsage>
</ind_PK_UK>
<ind_PK_UK id="9F365B85-C0D4-8110-5530-213343D27B9A" name="Elève_Classe_FK">
<createdBy>Cyril</createdBy>
<createdTime>2017-04-09 16:01:14 UTC</createdTime>
<ownerDesignName>Lycée</ownerDesignName>
<indexState>Foreign Key</indexState>
<isSurrogateKey>false</isSurrogateKey>
<indexColumnUsage>
<colUsage columnID="870FF5FB-48A3-94C6-84C8-9162C5597BFE"/>
</indexColumnUsage>
</ind_PK_UK>
</indexes>
</Table>