<?xml version = '1.0' encoding = 'UTF-8'?>
<FKIndexAssociation class="oracle.dbtools.crest.model.design.relational.FKIndexAssociation" directorySegmentName="seg_0" id="340E4ACA-7490-AACD-B7CC-1D66510A3EC9" containerWithKeyObject="575D5408-7E69-DF26-6DC0-A23C5B08A1E4" localFKIndex="E408F310-AD8F-E85D-8ECE-E3B9C0A12918" name="Conseil_Classe_FK">
<createdBy>Cyril</createdBy>
<createdTime>2017-04-09 16:37:33 UTC</createdTime>
<generatorID>6E2A2F7F-5D1F-03BD-B4C7-8F434716E6BB</generatorID>
<ownerDesignName>Lycée</ownerDesignName>
<deleteRule>NO ACTION</deleteRule>
<referredTableID>588B5999-C133-D1EA-BE07-B875C0F09BEE</referredTableID>
<keyObject>C9760CAB-D222-9A8C-299A-7245E5490104</keyObject>
<referredKeyID>C9760CAB-D222-9A8C-299A-7245E5490104</referredKeyID>
<mandatory>true</mandatory>
<transferable>true</transferable>
<rely>false</rely>
<columnDependencyConstraintGenerateInDDL>true</columnDependencyConstraintGenerateInDDL>
</FKIndexAssociation>