<?xml version = '1.0' encoding = 'UTF-8'?>
<FKIndexAssociation class="oracle.dbtools.crest.model.design.relational.FKIndexAssociation" directorySegmentName="seg_0" id="5BC4D53E-963C-F055-1391-B21DFF549598" containerWithKeyObject="A8D3177B-3D7A-7544-D008-D54B7FFF72D9" localFKIndex="45432314-117F-59E8-3A28-A63F31D05BE2" name="Elève_Personne_FK">
<createdBy>Cyril</createdBy>
<createdTime>2017-04-09 16:37:33 UTC</createdTime>
<generatorID>A57127FB-C50D-04CB-AB59-15957126A145</generatorID>
<ownerDesignName>Lycée</ownerDesignName>
<arc>AB1A0514-5E35-08B6-B599-AC67DA4D5E2E</arc>
<deleteRule>NO ACTION</deleteRule>
<referredTableID>CE463446-2B16-38C0-138D-67B373B9B203</referredTableID>
<keyObject>FD9441F5-0765-3A2C-A5F0-28BF5B8675EB</keyObject>
<referredKeyID>FD9441F5-0765-3A2C-A5F0-28BF5B8675EB</referredKeyID>
<mandatory>true</mandatory>
<transferable>true</transferable>
<rely>false</rely>
<columnDependencyConstraintGenerateInDDL>true</columnDependencyConstraintGenerateInDDL>
</FKIndexAssociation>