<?xml version = '1.0' encoding = 'UTF-8'?>
<Table class="oracle.dbtools.crest.model.design.relational.Table" directorySegmentName="seg_0" id="588B5999-C133-D1EA-BE07-B875C0F09BEE" name="Classe">
<createdBy>Cyril</createdBy>
<createdTime>2017-04-09 16:37:33 UTC</createdTime>
<generatorID>B36C867F-766A-7577-FCAA-060BEBF7BB56</generatorID>
<ownerDesignName>Lycée</ownerDesignName>
<existDependencyGenerateInDDl>true</existDependencyGenerateInDDl>
<parsed>true</parsed>
<columns itemClass="oracle.dbtools.crest.model.design.relational.Column">
<Column name="Code" id="D365F976-DB12-EE03-F10F-4BAAE90DF693">
<createdBy>Cyril</createdBy>
<createdTime>2017-04-09 16:37:33 UTC</createdTime>
<generatorID>482F8672-89F3-3014-25D6-C066130EA3C0</generatorID>
<ownerDesignName>Lycée</ownerDesignName>
<useDomainConstraints>false</useDomainConstraints>
<use>0</use>
<logicalDatatype>LOGDT024</logicalDatatype>
<domain>5412AD9F-6422-FDBF-6956-FFF1ABCAE16E</domain>
<ownDataTypeParameters>,,</ownDataTypeParameters>
<autoIncrementCycle>false</autoIncrementCycle>
</Column>
<Column name="Professeur_Id" id="89E7CD98-2B13-7B0D-D7D7-00A8C5AF53C1">
<createdBy>Cyril</createdBy>
<createdTime>2017-04-09 16:37:33 UTC</createdTime>
<generatorID>8A90E27A-3CA5-0CEC-98FA-C1A7C235F42F</generatorID>
<ownerDesignName>Lycée</ownerDesignName>
<use>0</use>
<logicalDatatype>LOGDT011</logicalDatatype>
<domain>C12ED81C-82AF-1FAF-5F61-558D4710BBC1</domain>
<ownDataTypeParameters>,,</ownDataTypeParameters>
<previousColumn>false</previousColumn>
<autoIncrementCycle>false</autoIncrementCycle>
<associations>
<colAssociation fkAssociation="2B605912-F9A1-6858-E970-5991E55F2DBD" referredColumn="86052F51-5016-09B1-8153-3B11F291535D"/>
</associations>
</Column>
</columns>
<indexes itemClass="oracle.dbtools.crest.model.design.relational.Index">
<ind_PK_UK id="C9760CAB-D222-9A8C-299A-7245E5490104" name="Classe_PK">
<createdBy>Cyril</createdBy>
<createdTime>2017-04-09 16:37:33 UTC</createdTime>
<generatorID>2E96ED5D-469F-1AE9-71FD-A92E01E67A48</generatorID>
<ownerDesignName>Lycée</ownerDesignName>
<pk>true</pk>
<indexState>Primary Constraint</indexState>
<isSurrogateKey>false</isSurrogateKey>
<indexColumnUsage>
<colUsage columnID="D365F976-DB12-EE03-F10F-4BAAE90DF693"/>
</indexColumnUsage>
</ind_PK_UK>
<ind_PK_UK id="D9856668-826F-EAD5-FFF1-87A0E02B9F63" name="Classe_Professeur_FK">
<createdBy>Cyril</createdBy>
<createdTime>2017-04-09 16:37:33 UTC</createdTime>
<generatorID>73AF8BD5-1C99-6C02-60DA-F3CE62F305C9</generatorID>
<ownerDesignName>Lycée</ownerDesignName>
<indexState>Foreign Key</indexState>
<isSurrogateKey>false</isSurrogateKey>
<indexColumnUsage>
<colUsage columnID="89E7CD98-2B13-7B0D-D7D7-00A8C5AF53C1"/>
</indexColumnUsage>
</ind_PK_UK>
</indexes>
</Table>