<?xml version = '1.0' encoding = 'UTF-8'?>
<Table class="oracle.dbtools.crest.model.design.relational.Table" directorySegmentName="seg_0" id="8D3C2951-C9A5-2D44-AA09-5A2B5CDFA6B1" name="Professeur">
<createdBy>Cyril</createdBy>
<createdTime>2017-04-09 16:37:33 UTC</createdTime>
<generatorID>4A3B44F1-C7A1-4760-D5B0-8220DCCA93CA</generatorID>
<ownerDesignName>Lycée</ownerDesignName>
<existDependencyGenerateInDDl>true</existDependencyGenerateInDDl>
<parsed>true</parsed>
<columns itemClass="oracle.dbtools.crest.model.design.relational.Column">
<Column name="Id" id="86052F51-5016-09B1-8153-3B11F291535D">
<createdBy>Cyril</createdBy>
<createdTime>2017-04-09 16:37:33 UTC</createdTime>
<generatorID>525B9622-CCA3-6412-A2EF-9C6FA90135F5</generatorID>
<ownerDesignName>Lycée</ownerDesignName>
<use>0</use>
<logicalDatatype>LOGDT011</logicalDatatype>
<domain>C12ED81C-82AF-1FAF-5F61-558D4710BBC1</domain>
<ownDataTypeParameters>,,</ownDataTypeParameters>
<autoIncrementCycle>false</autoIncrementCycle>
<associations>
<colAssociation fkAssociation="371A54A7-CCD8-82B7-D109-2F6293C450EA" referredColumn="07429F91-A0C7-42F0-CF29-8A629DCBAD36"/>
</associations>
</Column>
<Column name="DateArrivée" id="4B4BA787-1EDC-C185-0873-AD1610A052BC">
<createdBy>Cyril</createdBy>
<createdTime>2017-04-09 16:37:33 UTC</createdTime>
<generatorID>143A4987-ACC8-0E1B-3B8D-E7805DE629F9</generatorID>
<ownerDesignName>Lycée</ownerDesignName>
<useDomainConstraints>false</useDomainConstraints>
<use>1</use>
<logicalDatatype>LOGDT007</logicalDatatype>
<ownDataTypeParameters>,,</ownDataTypeParameters>
<autoIncrementCycle>false</autoIncrementCycle>
</Column>
</columns>
<indexes itemClass="oracle.dbtools.crest.model.design.relational.Index">
<ind_PK_UK id="4B72B8F5-402D-C8C6-D704-92E5DE9710E1" name="Professeur_PK">
<createdBy>Cyril</createdBy>
<createdTime>2017-04-09 16:37:33 UTC</createdTime>
<generatorID>EF55444E-729F-76DD-4477-28206758AD2D</generatorID>
<ownerDesignName>Lycée</ownerDesignName>
<pk>true</pk>
<indexState>Primary Constraint</indexState>
<isSurrogateKey>false</isSurrogateKey>
<indexColumnUsage>
<colUsage columnID="86052F51-5016-09B1-8153-3B11F291535D"/>
</indexColumnUsage>
</ind_PK_UK>
<ind_PK_UK id="3E45E224-CFE1-2F4A-9975-B6D023B433C3" name="Professeur_Personne_FK">
<createdBy>Cyril</createdBy>
<createdTime>2017-04-09 16:37:33 UTC</createdTime>
<generatorID>146D9985-6D20-11D6-CA0A-E77CF3E22FA0</generatorID>
<ownerDesignName>Lycée</ownerDesignName>
<indexState>Foreign Key</indexState>
<isSurrogateKey>false</isSurrogateKey>
<indexColumnUsage>
<colUsage columnID="86052F51-5016-09B1-8153-3B11F291535D"/>
</indexColumnUsage>
</ind_PK_UK>
</indexes>
</Table>