<?xml version = '1.0' encoding = 'UTF-8'?>
<Table class="oracle.dbtools.crest.model.design.relational.Table" directorySegmentName="seg_0" id="A8D3177B-3D7A-7544-D008-D54B7FFF72D9" name="Elève">
<createdBy>Cyril</createdBy>
<createdTime>2017-04-09 16:37:33 UTC</createdTime>
<generatorID>C967E846-39B5-6629-8C97-CC5565F0E45F</generatorID>
<ownerDesignName>Lycée</ownerDesignName>
<existDependencyGenerateInDDl>true</existDependencyGenerateInDDl>
<parsed>true</parsed>
<columns itemClass="oracle.dbtools.crest.model.design.relational.Column">
<Column name="Id" id="44C45357-63E4-1C83-6395-FB5ED1B4213B">
<createdBy>Cyril</createdBy>
<createdTime>2017-04-09 16:37:33 UTC</createdTime>
<generatorID>525B9622-CCA3-6412-A2EF-9C6FA90135F5</generatorID>
<ownerDesignName>Lycée</ownerDesignName>
<use>0</use>
<logicalDatatype>LOGDT011</logicalDatatype>
<domain>C12ED81C-82AF-1FAF-5F61-558D4710BBC1</domain>
<ownDataTypeParameters>,,</ownDataTypeParameters>
<autoIncrementCycle>false</autoIncrementCycle>
<associations>
<colAssociation fkAssociation="5BC4D53E-963C-F055-1391-B21DFF549598" referredColumn="07429F91-A0C7-42F0-CF29-8A629DCBAD36"/>
</associations>
</Column>
<Column name="Classe_Code" id="36DAA5D9-2F80-B532-D3D0-E443DD50ED3D">
<createdBy>Cyril</createdBy>
<createdTime>2017-04-09 16:37:33 UTC</createdTime>
<generatorID>B0CA7668-C78F-E931-D4D7-70369ECF886A</generatorID>
<ownerDesignName>Lycée</ownerDesignName>
<useDomainConstraints>false</useDomainConstraints>
<use>0</use>
<logicalDatatype>LOGDT024</logicalDatatype>
<domain>5412AD9F-6422-FDBF-6956-FFF1ABCAE16E</domain>
<ownDataTypeParameters>,,</ownDataTypeParameters>
<previousColumn>false</previousColumn>
<autoIncrementCycle>false</autoIncrementCycle>
<associations>
<colAssociation fkAssociation="9C37DA57-BC52-762F-2250-914300F4CF52" referredColumn="D365F976-DB12-EE03-F10F-4BAAE90DF693"/>
</associations>
</Column>
<Column name="Délégué" id="EA4BC981-C11B-2ED0-8A96-1D697F323340">
<createdBy>Cyril</createdBy>
<createdTime>2017-04-09 16:37:33 UTC</createdTime>
<generatorID>BF817371-8E47-1DCC-3874-FCBE647BEE2D</generatorID>
<ownerDesignName>Lycée</ownerDesignName>
<useDomainConstraints>false</useDomainConstraints>
<use>1</use>
<logicalDatatype>LOGDT034</logicalDatatype>
<ownDataTypeParameters>,,</ownDataTypeParameters>
<autoIncrementCycle>false</autoIncrementCycle>
<isRelationshipColumn>true</isRelationshipColumn>
<dependOnForeignKeyID>9C37DA57-BC52-762F-2250-914300F4CF52</dependOnForeignKeyID>
<isDependOnFK_AsMandatory>true</isDependOnFK_AsMandatory>
</Column>
</columns>
<indexes itemClass="oracle.dbtools.crest.model.design.relational.Index">
<ind_PK_UK id="332B3C05-FBA1-3212-6C02-AD9AE6231EC9" name="Elève_PK">
<createdBy>Cyril</createdBy>
<createdTime>2017-04-09 16:37:33 UTC</createdTime>
<generatorID>EF55444E-729F-76DD-4477-28206758AD2D</generatorID>
<ownerDesignName>Lycée</ownerDesignName>
<pk>true</pk>
<indexState>Primary Constraint</indexState>
<isSurrogateKey>false</isSurrogateKey>
<indexColumnUsage>
<colUsage columnID="44C45357-63E4-1C83-6395-FB5ED1B4213B"/>
</indexColumnUsage>
</ind_PK_UK>
<ind_PK_UK id="45432314-117F-59E8-3A28-A63F31D05BE2" name="Elève_Personne_FK">
<createdBy>Cyril</createdBy>
<createdTime>2017-04-09 16:37:33 UTC</createdTime>
<generatorID>A57127FB-C50D-04CB-AB59-15957126A145</generatorID>
<ownerDesignName>Lycée</ownerDesignName>
<indexState>Foreign Key</indexState>
<isSurrogateKey>false</isSurrogateKey>
<indexColumnUsage>
<colUsage columnID="44C45357-63E4-1C83-6395-FB5ED1B4213B"/>
</indexColumnUsage>
</ind_PK_UK>
<ind_PK_UK id="EEBB1AB8-6BFB-476A-5F7B-3B15A44BF40E" name="Elève_Classe_FK">
<createdBy>Cyril</createdBy>
<createdTime>2017-04-09 16:37:33 UTC</createdTime>
<generatorID>8C1EE5E1-A871-6194-45FB-3511F65EEF8B</generatorID>
<ownerDesignName>Lycée</ownerDesignName>
<indexState>Foreign Key</indexState>
<isSurrogateKey>false</isSurrogateKey>
<indexColumnUsage>
<colUsage columnID="36DAA5D9-2F80-B532-D3D0-E443DD50ED3D"/>
</indexColumnUsage>
</ind_PK_UK>
</indexes>
</Table>