<?xml version = '1.0' encoding = 'UTF-8'?>
<Table class="oracle.dbtools.crest.model.design.relational.Table" directorySegmentName="seg_0" id="CE463446-2B16-38C0-138D-67B373B9B203" name="Personne">
<createdBy>Cyril</createdBy>
<createdTime>2017-04-09 16:37:33 UTC</createdTime>
<generatorID>E21BA5EF-1BE4-602F-3D70-495701DAA86D</generatorID>
<ownerDesignName>Lycée</ownerDesignName>
<existDependencyGenerateInDDl>true</existDependencyGenerateInDDl>
<parsed>true</parsed>
<columns itemClass="oracle.dbtools.crest.model.design.relational.Column">
<Column name="Id" id="07429F91-A0C7-42F0-CF29-8A629DCBAD36">
<createdBy>Cyril</createdBy>
<createdTime>2017-04-09 16:37:33 UTC</createdTime>
<generatorID>525B9622-CCA3-6412-A2EF-9C6FA90135F5</generatorID>
<ownerDesignName>Lycée</ownerDesignName>
<use>0</use>
<logicalDatatype>LOGDT011</logicalDatatype>
<domain>C12ED81C-82AF-1FAF-5F61-558D4710BBC1</domain>
<ownDataTypeParameters>,,</ownDataTypeParameters>
<autoIncrementCycle>false</autoIncrementCycle>
</Column>
<Column name="Nom" id="4FDD3B13-004C-8F08-F993-443B96E7FA44">
<createdBy>Cyril</createdBy>
<createdTime>2017-04-09 16:37:33 UTC</createdTime>
<generatorID>ABBE4A1C-AC17-E82C-5EC2-0F06FBD0CC77</generatorID>
<ownerDesignName>Lycée</ownerDesignName>
<use>0</use>
<logicalDatatype>LOGDT037</logicalDatatype>
<domain>680A30BF-342B-4E15-4F53-EB84BFCF4A74</domain>
<ownDataTypeParameters>,,</ownDataTypeParameters>
<autoIncrementCycle>false</autoIncrementCycle>
</Column>
<Column name="Prénom" id="FA4B4044-0ED1-8269-6388-12C53A3F63A5">
<createdBy>Cyril</createdBy>
<createdTime>2017-04-09 16:37:33 UTC</createdTime>
<generatorID>04B7341C-5C19-E269-7A2E-89BA56E8305C</generatorID>
<ownerDesignName>Lycée</ownerDesignName>
<use>0</use>
<logicalDatatype>LOGDT037</logicalDatatype>
<domain>680A30BF-342B-4E15-4F53-EB84BFCF4A74</domain>
<ownDataTypeParameters>,,</ownDataTypeParameters>
<autoIncrementCycle>false</autoIncrementCycle>
</Column>
</columns>
<indexes itemClass="oracle.dbtools.crest.model.design.relational.Index">
<ind_PK_UK id="FD9441F5-0765-3A2C-A5F0-28BF5B8675EB" name="Personne_PK">
<createdBy>Cyril</createdBy>
<createdTime>2017-04-09 16:37:33 UTC</createdTime>
<generatorID>EF55444E-729F-76DD-4477-28206758AD2D</generatorID>
<ownerDesignName>Lycée</ownerDesignName>
<pk>true</pk>
<indexState>Primary Constraint</indexState>
<isSurrogateKey>false</isSurrogateKey>
<indexColumnUsage>
<colUsage columnID="07429F91-A0C7-42F0-CF29-8A629DCBAD36"/>
</indexColumnUsage>
</ind_PK_UK>
</indexes>
</Table>