<?xml version = '1.0' encoding = 'UTF-8'?>
<Relation class="oracle.dbtools.crest.model.design.logical.InheritanceRelation" name="Hierarchy_1" directorySegmentName="seg_0" id="146D9985-6D20-11D6-CA0A-E77CF3E22FA0">
<createdBy>Formateur_DEV</createdBy>
<createdTime>2017-04-07 09:33:24 UTC</createdTime>
<ownerDesignName>Lycée</ownerDesignName>
<engineerTo>
<item key="875B20A3-DE2C-E494-9F94-EE30D02CE557" value="true"/>
</engineerTo>
<identifying>false</identifying>
<nameOnSource>Super Type</nameOnSource>
<nameOnTarget>Sub Type</nameOnTarget>
<optionalSource>true</optionalSource>
<optionalTarget>true</optionalTarget>
<sourceEntity>E21BA5EF-1BE4-602F-3D70-495701DAA86D</sourceEntity>
<targetEntity>4A3B44F1-C7A1-4760-D5B0-8220DCCA93CA</targetEntity>
<transferable>true</transferable>
<deleteRule>NO ACTION</deleteRule>
</Relation>