<?xml version = '1.0' encoding = 'UTF-8'?>
<Diagram class="oracle.dbtools.crest.swingui.logical.DPVLogical" name="Logical" id="56F5851B-D352-2595-83E6-18305EE8CD21">
<createdBy>Formateur_DEV</createdBy>
<modifiedBy>Formateur_DEV</modifiedBy>
<createdTime>2017-04-07 08:35:40 UTC</createdTime>
<autoRoute>false</autoRoute>
<boxInbox>false</boxInbox>
<showLegend>false</showLegend>
<showLabels>true</showLabels>
<showRelAttributes>true</showRelAttributes>
<gridEnabled>false</gridEnabled>
<showGrid>false</showGrid>
<diagramColor>-1</diagramColor>
<display>false</display>
<notation>1</notation>
<objectViews>
<OView class="oracle.dbtools.crest.swingui.logical.TVEntity" oid="0FBF6C21-5EDF-F7AA-4DFD-99C136EA781C" otype="Entity" vid="06791F10-0697-D021-1906-95E561A23011">
<hideElementsInCurrentOnly>false</hideElementsInCurrentOnly>
<bounds x="439" y="376" width="126" height="64"/>
</OView>
<OView class="oracle.dbtools.crest.swingui.TVNote" oid="33DFE3CC-DD1D-BBBC-4527-4DF76F2ABBF1" otype="Note" vid="623C9B9E-C2B0-BE4D-CA99-4C7CE40C8EC7">
<hideElementsInCurrentOnly>false</hideElementsInCurrentOnly>
<bounds x="504" y="118" width="184" height="57"/>
<useCustomFormat>true</useCustomFormat>
<useDefaultColor>false</useDefaultColor>
<backgroundColor>-1</backgroundColor>
<foregroundColor>-16777216</foregroundColor>
<comment>On peut retrouver les professeurs et les délégués participant au conseil par l&apos;intermédiaire de la classe</comment>
<fonts itemClass="oracle.dbtools.crest.model.design.FontObjectWr">
<FontObject>
<foType>Titre</foType>
<colorRGB>-16777216</colorRGB>
</FontObject>
</fonts>
</OView>
<OView class="oracle.dbtools.crest.swingui.logical.TVEntity" oid="4A3B44F1-C7A1-4760-D5B0-8220DCCA93CA" otype="Entity" vid="3D5C0D0C-15CE-5FA2-7D19-F4E5884033A6">
<hideElementsInCurrentOnly>false</hideElementsInCurrentOnly>
<bounds x="18" y="109" width="90" height="62"/>
</OView>
<OView class="oracle.dbtools.crest.swingui.logical.TVEntity" oid="8CD37907-A99A-597C-5DF0-7CC529022C68" otype="Entity" vid="DC98BBEC-0107-9258-E341-19EA8F370135">
<hideElementsInCurrentOnly>false</hideElementsInCurrentOnly>
<bounds x="321" y="121" width="72" height="46"/>
</OView>
<OView class="oracle.dbtools.crest.swingui.TVNote" oid="8D74CAFD-5292-BE4B-DA45-54FED70C7E81" otype="Note" vid="B25F0463-4A37-7A48-2270-F10E8EE9F208">
<hideElementsInCurrentOnly>false</hideElementsInCurrentOnly>
<bounds x="584" y="286" width="186" height="60"/>
<useCustomFormat>true</useCustomFormat>
<useDefaultColor>false</useDefaultColor>
<backgroundColor>-1</backgroundColor>
<foregroundColor>-16777216</foregroundColor>
<comment>Règle de gestion dans le code :&lt;br/&gt;une matière dans une classe est enseignée par un seul professeur</comment>
<fonts itemClass="oracle.dbtools.crest.model.design.FontObjectWr">
<FontObject>
<foType>Titre</foType>
<colorRGB>-16777216</colorRGB>
</FontObject>
</fonts>
</OView>
<OView class="oracle.dbtools.crest.swingui.logical.TVEntity" oid="AFB25FEC-3B4F-7B32-7398-3ADEFFF74A65" otype="Entity" vid="29A67A6C-E208-2941-BA8B-BA99AB3D8115">
<hideElementsInCurrentOnly>false</hideElementsInCurrentOnly>
<bounds x="116" y="374" width="170" height="58"/>
</OView>
<OView class="oracle.dbtools.crest.swingui.logical.TVEntity" oid="B36C867F-766A-7577-FCAA-060BEBF7BB56" otype="Entity" vid="A59D0A81-4155-9A65-C54A-A999C8BD078A">
<hideElementsInCurrentOnly>false</hideElementsInCurrentOnly>
<bounds x="139" y="200" width="131" height="58"/>
</OView>
<OView class="oracle.dbtools.crest.swingui.logical.TVEntity" oid="C967E846-39B5-6629-8C97-CC5565F0E45F" otype="Entity" vid="4A6AFA9C-CDA0-8C85-B33E-33254AB1BC10">
<hideElementsInCurrentOnly>false</hideElementsInCurrentOnly>
<bounds x="443" y="199" width="121" height="56"/>
</OView>
<OView class="oracle.dbtools.crest.swingui.logical.TVEntity" oid="E21BA5EF-1BE4-602F-3D70-495701DAA86D" otype="Entity" vid="0187EB20-B1C8-9AC1-1CF1-041B1FB841B6">
<hideElementsInCurrentOnly>false</hideElementsInCurrentOnly>
<bounds x="251" y="16" width="110" height="78"/>
</OView>
</objectViews>
<connectors>
<Connector class="oracle.dbtools.crest.swingui.logical.TVInheritanceRelation" oid="146D9985-6D20-11D6-CA0A-E77CF3E22FA0" otype="Hierarchy relation" vid_source="0187EB20-B1C8-9AC1-1CF1-041B1FB841B6" vid_target="3D5C0D0C-15CE-5FA2-7D19-F4E5884033A6">
<hideElementsInCurrentOnly>false</hideElementsInCurrentOnly>
<lineWidth>1</lineWidth>
<points>
<point x="251" y="57"/>
<point x="62" y="57"/>
<point x="62" y="109"/>
</points>
</Connector>
<Connector class="oracle.dbtools.crest.swingui.logical.TVRelation" oid="6E2A2F7F-5D1F-03BD-B4C7-8F434716E6BB" otype="Relation" vid_source="A59D0A81-4155-9A65-C54A-A999C8BD078A" vid_target="DC98BBEC-0107-9258-E341-19EA8F370135">
<hideElementsInCurrentOnly>false</hideElementsInCurrentOnly>
<lineWidth>1</lineWidth>
<points>
<point x="253" y="200"/>
<point x="253" y="147"/>
<point x="321" y="147"/>
</points>
</Connector>
<Connector class="oracle.dbtools.crest.swingui.logical.TVRelation" oid="73AF8BD5-1C99-6C02-60DA-F3CE62F305C9" otype="Relation" vid_source="3D5C0D0C-15CE-5FA2-7D19-F4E5884033A6" vid_target="A59D0A81-4155-9A65-C54A-A999C8BD078A">
<hideElementsInCurrentOnly>false</hideElementsInCurrentOnly>
<lineWidth>1</lineWidth>
<sourceLabel class="oracle.dbtools.crest.model.design.Label">
<site>0</site>
<labelBounds x="131" y="146" width="80" height="29"/>
<fonts itemClass="oracle.dbtools.crest.model.design.FontObjectWr">
<FontObject>
<foType>Texte</foType>
<colorRGB>-16777216</colorRGB>
</FontObject>
</fonts>
</sourceLabel>
<points>
<point x="108" y="143"/>
<point x="203" y="143"/>
<point x="203" y="200"/>
</points>
</Connector>
<Connector class="oracle.dbtools.crest.swingui.logical.TVRelation" oid="85AA0D50-35DA-82B2-52F3-7E558B735568" otype="Relation" vid_source="06791F10-0697-D021-1906-95E561A23011" vid_target="29A67A6C-E208-2941-BA8B-BA99AB3D8115">
<hideElementsInCurrentOnly>false</hideElementsInCurrentOnly>
<lineWidth>1</lineWidth>
<points>
<point x="439" y="404"/>
<point x="286" y="404"/>
</points>
</Connector>
<Connector class="oracle.dbtools.crest.swingui.logical.TVRelation" oid="8C1EE5E1-A871-6194-45FB-3511F65EEF8B" otype="Relation" vid_source="A59D0A81-4155-9A65-C54A-A999C8BD078A" vid_target="4A6AFA9C-CDA0-8C85-B33E-33254AB1BC10">
<hideElementsInCurrentOnly>false</hideElementsInCurrentOnly>
<lineWidth>1</lineWidth>
<centerLabel class="oracle.dbtools.crest.model.design.Label">
<site>1</site>
<labelBounds x="0" y="16" width="61" height="29"/>
<fonts itemClass="oracle.dbtools.crest.model.design.FontObjectWr">
<FontObject>
<foType>Non NULL</foType>
<colorRGB>-65536</colorRGB>
</FontObject>
<FontObject>
<foType>Attribut</foType>
<colorRGB>-16777216</colorRGB>
</FontObject>
<FontObject>
<foType>Type de données</foType>
<colorRGB>-16744448</colorRGB>
</FontObject>
</fonts>
</centerLabel>
<points>
<point x="270" y="227"/>
<point x="443" y="227"/>
</points>
</Connector>
<Connector class="oracle.dbtools.crest.swingui.logical.TVInheritanceRelation" oid="A57127FB-C50D-04CB-AB59-15957126A145" otype="Hierarchy relation" vid_source="0187EB20-B1C8-9AC1-1CF1-041B1FB841B6" vid_target="4A6AFA9C-CDA0-8C85-B33E-33254AB1BC10">
<hideElementsInCurrentOnly>false</hideElementsInCurrentOnly>
<lineWidth>1</lineWidth>
<points>
<point x="361" y="60"/>
<point x="490" y="60"/>
<point x="490" y="199"/>
</points>
</Connector>
<Connector class="oracle.dbtools.crest.swingui.logical.TVRelation" oid="A6D224AA-1D3B-1511-DD8C-2B6BB6A27E84" otype="Relation" vid_source="A59D0A81-4155-9A65-C54A-A999C8BD078A" vid_target="29A67A6C-E208-2941-BA8B-BA99AB3D8115">
<hideElementsInCurrentOnly>false</hideElementsInCurrentOnly>
<lineWidth>1</lineWidth>
<points>
<point x="204" y="258"/>
<point x="204" y="374"/>
</points>
</Connector>
<Connector class="oracle.dbtools.crest.swingui.logical.TVRelation" oid="FBEDA48F-7DAE-C13F-F2AD-1A8CEF91B704" otype="Relation" vid_source="3D5C0D0C-15CE-5FA2-7D19-F4E5884033A6" vid_target="29A67A6C-E208-2941-BA8B-BA99AB3D8115">
<hideElementsInCurrentOnly>false</hideElementsInCurrentOnly>
<lineWidth>1</lineWidth>
<points>
<point x="58" y="171"/>
<point x="58" y="401"/>
<point x="116" y="401"/>
</points>
</Connector>
<Connector class="oracle.dbtools.crest.swingui.logical.TVRelation" oid="FE9F9957-79B2-3441-23D7-6F6F98F629BD" otype="Relation" vid_source="4A6AFA9C-CDA0-8C85-B33E-33254AB1BC10" vid_target="06791F10-0697-D021-1906-95E561A23011">
<hideElementsInCurrentOnly>false</hideElementsInCurrentOnly>
<lineWidth>1</lineWidth>
<centerLabel class="oracle.dbtools.crest.model.design.Label">
<site>1</site>
<labelBounds x="0" y="13" width="55" height="40"/>
<fonts itemClass="oracle.dbtools.crest.model.design.FontObjectWr">
<FontObject>
<foType>Non NULL</foType>
<colorRGB>-65536</colorRGB>
</FontObject>
<FontObject>
<foType>Attribut</foType>
<colorRGB>-16777216</colorRGB>
</FontObject>
<FontObject>
<foType>Type de données</foType>
<colorRGB>-16744448</colorRGB>
</FontObject>
</fonts>
</centerLabel>
<points>
<point x="505" y="255"/>
<point x="503" y="376"/>
</points>
</Connector>
</connectors>
</Diagram>