<?xml version = '1.0' encoding = 'UTF-8'?>
<relationalModel class="oracle.dbtools.crest.model.design.relational.RelationalDesign" name="Relational_1" id="D686763B-43DF-3978-1B0C-E11F65007FE3" mainViewID="2235CC24-4A88-586E-1E53-317C4D8760CB">
<createdBy>Formateur_DEV</createdBy>
<createdTime>2017-04-06 12:05:18 UTC</createdTime>
<ownerDesignName>Entreprise</ownerDesignName>
<shouldBeOpen>false</shouldBeOpen>
<selectedRDBMSSite>22943E51-0387-1F2A-CED9-5FB738BA5A0C</selectedRDBMSSite>
</relationalModel>