<?xml version = '1.0' encoding = 'UTF-8'?>
<Relation class="oracle.dbtools.crest.model.design.logical.Relation" name="Relation_26" directorySegmentName="seg_0" id="10ACF18E-028E-E7E5-C55B-3A0275662AE3">
<createdBy>Formateur_DEV</createdBy>
<createdTime>2017-04-07 07:57:02 UTC</createdTime>
<ownerDesignName>Marchand</ownerDesignName>
<engineerTo>
<item key="2F30993B-38A8-1BBC-F96E-AF39455C989F" value="true"/>
</engineerTo>
<sourcePk>0310EF2E-A852-999F-98B9-5CA53B001EB3</sourcePk>
<identifying>false</identifying>
<optionalSource>true</optionalSource>
<optionalTarget>false</optionalTarget>
<sourceCardinality>1</sourceCardinality>
<sourceEntity>BB19C019-924D-636D-BBEF-6DDB5E3B9AD3</sourceEntity>
<targetCardinalityString>*</targetCardinalityString>
<targetEntity>E40F4F6E-4514-AE67-BE64-03A6FC80FCAE</targetEntity>
<transferable>true</transferable>
<deleteRule>NO ACTION</deleteRule>
</Relation>