<?xml version = '1.0' encoding = 'UTF-8'?>
<Relation class="oracle.dbtools.crest.model.design.logical.Relation" name="Relation_22" directorySegmentName="seg_0" id="1290AF50-3229-6407-3775-92C7AEAE0A88">
<createdBy>Cyril</createdBy>
<createdTime>2017-03-16 22:38:28 UTC</createdTime>
<ownerDesignName>Marchand</ownerDesignName>
<engineerTo>
<item key="2F30993B-38A8-1BBC-F96E-AF39455C989F" value="true"/>
</engineerTo>
<sourcePk>02AC53DF-CBD4-986A-1676-66318B4FD71A</sourcePk>
<identifying>false</identifying>
<optionalSource>true</optionalSource>
<optionalTarget>false</optionalTarget>
<sourceCardinality>1</sourceCardinality>
<sourceEntity>A6A263DF-C717-00FC-03D6-CE9D7763A1AF</sourceEntity>
<targetCardinalityString>*</targetCardinalityString>
<targetEntity>E40F4F6E-4514-AE67-BE64-03A6FC80FCAE</targetEntity>
<transferable>true</transferable>
<deleteRule>NO ACTION</deleteRule>
</Relation>