<?xml version = '1.0' encoding = 'UTF-8'?>
<Relation class="oracle.dbtools.crest.model.design.logical.Relation" name="Relation_21v2" directorySegmentName="seg_0" id="52193F16-B4DB-D6B2-D658-3CA90A2DC144">
<createdBy>Formateur_DEV</createdBy>
<createdTime>2017-04-07 07:24:42 UTC</createdTime>
<ownerDesignName>Marchand</ownerDesignName>
<engineerTo>
<item key="2F30993B-38A8-1BBC-F96E-AF39455C989F" value="true"/>
</engineerTo>
<sourcePk>56348B61-5297-46BA-A38B-1E7B65FB9CF7</sourcePk>
<identifying>false</identifying>
<optionalSource>true</optionalSource>
<optionalTarget>false</optionalTarget>
<sourceCardinality>*</sourceCardinality>
<sourceEntity>E40F4F6E-4514-AE67-BE64-03A6FC80FCAE</sourceEntity>
<targetCardinalityString>*</targetCardinalityString>
<targetEntity>5F24FC65-DB0E-A12E-A53D-318DAF0AB21B</targetEntity>
<transferable>true</transferable>
<deleteRule>NO ACTION</deleteRule>
</Relation>