<?xml version = '1.0' encoding = 'UTF-8'?>
<Relation class="oracle.dbtools.crest.model.design.logical.Relation" name="Relation_19" directorySegmentName="seg_0" id="6863FCC7-013E-49BF-F626-B73F42478ABD">
<createdBy>Cyril</createdBy>
<createdTime>2017-03-16 22:13:39 UTC</createdTime>
<ownerDesignName>Marchand</ownerDesignName>
<engineerTo>
<item key="2F30993B-38A8-1BBC-F96E-AF39455C989F" value="true"/>
</engineerTo>
<sourcePk>56348B61-5297-46BA-A38B-1E7B65FB9CF7</sourcePk>
<identifying>true</identifying>
<optionalSource>true</optionalSource>
<optionalTarget>false</optionalTarget>
<sourceCardinality>1</sourceCardinality>
<sourceEntity>E40F4F6E-4514-AE67-BE64-03A6FC80FCAE</sourceEntity>
<targetCardinalityString>*</targetCardinalityString>
<targetEntity>BE39B9B2-693B-65C7-9156-4FC83E095014</targetEntity>
<transferable>true</transferable>
<deleteRule>NO ACTION</deleteRule>
</Relation>