<?xml version = '1.0' encoding = 'UTF-8'?>
<Relation class="oracle.dbtools.crest.model.design.logical.Relation" name="Facturation" directorySegmentName="seg_0" id="CC73AF1E-1A93-1C4E-F66A-F0DC9C1CC054">
<createdBy>Cyril</createdBy>
<createdTime>2017-03-16 21:37:29 UTC</createdTime>
<ownerDesignName>Marchand</ownerDesignName>
<engineerTo>
<item key="2F30993B-38A8-1BBC-F96E-AF39455C989F" value="true"/>
</engineerTo>
<sourcePk>0310EF2E-A852-999F-98B9-5CA53B001EB3</sourcePk>
<targetPk>841FC6C8-F974-C4E6-BBA8-D939FB1E54F6</targetPk>
<identifying>false</identifying>
<nameOnTarget>facturation</nameOnTarget>
<optionalSource>true</optionalSource>
<optionalTarget>false</optionalTarget>
<sourceCardinality>1</sourceCardinality>
<sourceEntity>BB19C019-924D-636D-BBEF-6DDB5E3B9AD3</sourceEntity>
<targetCardinalityString>1</targetCardinalityString>
<targetEntity>421EDA04-1256-DFEA-26E4-F05BB7DB2E1E</targetEntity>
<transferable>true</transferable>
<deleteRule>NO ACTION</deleteRule>
</Relation>