<?xml version = '1.0' encoding = 'UTF-8'?>
<relationalModel class="oracle.dbtools.crest.model.design.relational.RelationalDesign" name="Relational_1" id="A7437857-EAA1-7F69-5923-50EE6F0AF293" mainViewID="B247525A-EBEE-9BED-87EF-9C40195219D6">
<createdBy>Cyril</createdBy>
<createdTime>2017-04-06 21:36:48 UTC</createdTime>
<ownerDesignName>LieuxAnimaux</ownerDesignName>
<shouldBeOpen>false</shouldBeOpen>
<selectedRDBMSSite>980FCE9E-D688-BDF0-C89A-C9FB2DCAED45</selectedRDBMSSite>
</relationalModel>