<?xml version = '1.0' encoding = 'UTF-8'?>
<Relation class="oracle.dbtools.crest.model.design.logical.Relation" name="Relation_9" directorySegmentName="seg_0" id="0C351A93-0312-9CE8-1CC2-FB67AD4803B7">
<createdBy>Formateur_DEV</createdBy>
<createdTime>2017-04-07 12:46:25 UTC</createdTime>
<ownerDesignName>GrandChelem</ownerDesignName>
<engineerTo>
<item key="ECC7F513-5DFA-04B0-CB5C-0752A54F0E6B" value="true"/>
</engineerTo>
<sourcePk>FAE9E12C-53BE-F832-E923-9389F3C0B08D</sourcePk>
<identifying>false</identifying>
<optionalSource>true</optionalSource>
<optionalTarget>false</optionalTarget>
<sourceCardinality>1</sourceCardinality>
<sourceEntity>FE45E0C4-A001-6851-9EAB-C39CB07B21DA</sourceEntity>
<targetCardinalityString>*</targetCardinalityString>
<targetEntity>8ACC0A39-BBAE-5123-A2BF-B80208966113</targetEntity>
<transferable>true</transferable>
<deleteRule>NO ACTION</deleteRule>
</Relation>