<?xml version = '1.0' encoding = 'UTF-8'?>
<Relation class="oracle.dbtools.crest.model.design.logical.Relation" name="Relation_4" directorySegmentName="seg_0" id="4460D8FF-DC26-B760-768D-6CFE18170AE1">
<createdBy>Formateur_DEV</createdBy>
<createdTime>2017-04-07 12:25:23 UTC</createdTime>
<ownerDesignName>GrandChelem</ownerDesignName>
<engineerTo>
<item key="ECC7F513-5DFA-04B0-CB5C-0752A54F0E6B" value="true"/>
</engineerTo>
<sourcePk>97DF89FE-852E-36F0-AACA-90FA11E778D8</sourcePk>
<identifying>false</identifying>
<optionalSource>true</optionalSource>
<optionalTarget>false</optionalTarget>
<sourceCardinality>1</sourceCardinality>
<sourceEntity>0E0E83DF-640D-CC07-E039-C32D56B83F80</sourceEntity>
<targetCardinalityString>*</targetCardinalityString>
<targetEntity>1B99A3F2-A1A5-2702-2F4E-D2838E32AC5F</targetEntity>
<transferable>true</transferable>
<deleteRule>NO ACTION</deleteRule>
<attributes itemClass="oracle.dbtools.crest.model.design.logical.Attribute">
<attribute name="Gagné" id="365DE489-118C-EB7F-F9AE-EAA5A7DA08F6">
<createdBy>Formateur_DEV</createdBy>
<createdTime>2017-04-07 12:35:14 UTC</createdTime>
<ownerDesignName>GrandChelem</ownerDesignName>
<engineerTo>
<item key="ECC7F513-5DFA-04B0-CB5C-0752A54F0E6B" value="true"/>
</engineerTo>
<useDomainConstraints>false</useDomainConstraints>
<use>1</use>
<logicalDatatype>LOGDT034</logicalDatatype>
<ownDataTypeParameters>,,</ownDataTypeParameters>
</attribute>
</attributes>
</Relation>