<?xml version = '1.0' encoding = 'UTF-8'?>
<Relation class="oracle.dbtools.crest.model.design.logical.Relation" name="Relation_6" directorySegmentName="seg_0" id="5BB05A2C-31A2-FB30-5A6A-3E5B9CA32E02">
<createdBy>Formateur_DEV</createdBy>
<createdTime>2017-04-07 12:25:42 UTC</createdTime>
<ownerDesignName>GrandChelem</ownerDesignName>
<engineerTo>
<item key="ECC7F513-5DFA-04B0-CB5C-0752A54F0E6B" value="true"/>
</engineerTo>
<sourcePk>AB2C7A52-5169-50E2-F5C3-D2BAAC2E3D44</sourcePk>
<identifying>false</identifying>
<optionalSource>true</optionalSource>
<optionalTarget>false</optionalTarget>
<sourceCardinality>1</sourceCardinality>
<sourceEntity>47EA6ED4-CFE7-3AC1-B289-A52F4B391572</sourceEntity>
<targetCardinalityString>*</targetCardinalityString>
<targetEntity>0E0E83DF-640D-CC07-E039-C32D56B83F80</targetEntity>
<transferable>true</transferable>
<deleteRule>NO ACTION</deleteRule>
</Relation>