<?xml version = '1.0' encoding = 'UTF-8'?>
<Relation class="oracle.dbtools.crest.model.design.logical.Relation" name="Relation_11" directorySegmentName="seg_0" id="E06CE1DA-2875-27F3-0EB7-12943BFEA2C2">
<createdBy>Formateur_DEV</createdBy>
<createdTime>2017-04-07 14:12:10 UTC</createdTime>
<ownerDesignName>GrandChelem</ownerDesignName>
<engineerTo>
<item key="ECC7F513-5DFA-04B0-CB5C-0752A54F0E6B" value="true"/>
</engineerTo>
<sourcePk>E2D9EE9D-AF10-B19C-EBDD-347A1490646A</sourcePk>
<identifying>false</identifying>
<optionalSource>true</optionalSource>
<optionalTarget>false</optionalTarget>
<sourceCardinality>1</sourceCardinality>
<sourceEntity>8ACC0A39-BBAE-5123-A2BF-B80208966113</sourceEntity>
<targetCardinalityString>*</targetCardinalityString>
<targetEntity>1B132BE9-6981-7A4F-E878-E35088B07C30</targetEntity>
<transferable>true</transferable>
<deleteRule>NO ACTION</deleteRule>
</Relation>