<?xml version = '1.0' encoding = 'UTF-8'?>
<Relation class="oracle.dbtools.crest.model.design.logical.Relation" name="Relation_12" directorySegmentName="seg_0" id="FBEDA48F-7DAE-C13F-F2AD-1A8CEF91B704">
<createdBy>Formateur_DEV</createdBy>
<createdTime>2017-04-07 12:12:10 UTC</createdTime>
<ownerDesignName>Lycée</ownerDesignName>
<engineerTo>
<item key="29ED7560-9C41-4D2A-BC13-1BED54C60496" value="true"/>
<item key="875B20A3-DE2C-E494-9F94-EE30D02CE557" value="true"/>
</engineerTo>
<sourcePk>EF55444E-729F-76DD-4477-28206758AD2D</sourcePk>
<identifying>true</identifying>
<optionalSource>false</optionalSource>
<optionalTarget>false</optionalTarget>
<sourceCardinality>1</sourceCardinality>
<sourceEntity>4A3B44F1-C7A1-4760-D5B0-8220DCCA93CA</sourceEntity>
<targetCardinalityString>*</targetCardinalityString>
<targetEntity>AFB25FEC-3B4F-7B32-7398-3ADEFFF74A65</targetEntity>
<transferable>true</transferable>
<deleteRule>NO ACTION</deleteRule>
</Relation>