<?xml version = '1.0' encoding = 'UTF-8'?>
<Relation class="oracle.dbtools.crest.model.design.logical.Relation" name="Evaluation" directorySegmentName="seg_0" id="FE9F9957-79B2-3441-23D7-6F6F98F629BD">
<createdBy>Formateur_DEV</createdBy>
<createdTime>2017-04-07 09:02:30 UTC</createdTime>
<ownerDesignName>Lycée</ownerDesignName>
<engineerTo>
<item key="29ED7560-9C41-4D2A-BC13-1BED54C60496" value="true"/>
<item key="875B20A3-DE2C-E494-9F94-EE30D02CE557" value="true"/>
</engineerTo>
<identifying>false</identifying>
<optionalSource>true</optionalSource>
<optionalTarget>false</optionalTarget>
<sourceCardinality>*</sourceCardinality>
<sourceEntity>C967E846-39B5-6629-8C97-CC5565F0E45F</sourceEntity>
<targetCardinalityString>*</targetCardinalityString>
<targetEntity>0FBF6C21-5EDF-F7AA-4DFD-99C136EA781C</targetEntity>
<transferable>true</transferable>
<deleteRule>NO ACTION</deleteRule>
<attributes itemClass="oracle.dbtools.crest.model.design.logical.Attribute">
<attribute name="Note" id="6278842B-C08A-CB64-09BE-35BB331D6BEA">
<createdBy>Formateur_DEV</createdBy>
<createdTime>2017-04-07 09:02:34 UTC</createdTime>
<ownerDesignName>Lycée</ownerDesignName>
<engineerTo>
<item key="29ED7560-9C41-4D2A-BC13-1BED54C60496" value="true"/>
<item key="875B20A3-DE2C-E494-9F94-EE30D02CE557" value="true"/>
</engineerTo>
<useDomainConstraints>false</useDomainConstraints>
<use>1</use>
<logicalDatatype>LOGDT021</logicalDatatype>
<ownDataTypeParameters>,,</ownDataTypeParameters>
</attribute>
<attribute name="Date" id="872D0F39-1FDF-9BF5-D8B7-90EF7F273D0C">
<createdBy>Formateur_DEV</createdBy>
<createdTime>2017-04-07 09:27:55 UTC</createdTime>
<ownerDesignName>Lycée</ownerDesignName>
<engineerTo>
<item key="29ED7560-9C41-4D2A-BC13-1BED54C60496" value="true"/>
<item key="875B20A3-DE2C-E494-9F94-EE30D02CE557" value="true"/>
</engineerTo>
<useDomainConstraints>false</useDomainConstraints>
<use>1</use>
<logicalDatatype>LOGDT007</logicalDatatype>
<ownDataTypeParameters>,,</ownDataTypeParameters>
</attribute>
</attributes>
</Relation>