<?xml version = '1.0' encoding = 'UTF-8'?>
<Relation class="oracle.dbtools.crest.model.design.logical.Relation" name="Relation_5" directorySegmentName="seg_0" id="6F67B074-B1E6-87FF-D8FB-1F77E56888A0">
<createdBy>Formateur_DEV</createdBy>
<createdTime>2017-04-06 12:21:32 UTC</createdTime>
<ownerDesignName>Entreprise</ownerDesignName>
<engineerTo>
<item key="D686763B-43DF-3978-1B0C-E11F65007FE3" value="true"/>
</engineerTo>
<sourcePk>D5BE5057-518A-FE2B-2646-D99E07A6600F</sourcePk>
<identifying>false</identifying>
<optionalSource>true</optionalSource>
<optionalTarget>false</optionalTarget>
<sourceCardinality>1</sourceCardinality>
<sourceEntity>28DD5A50-4BFB-27E1-8275-17325065F217</sourceEntity>
<targetCardinalityString>*</targetCardinalityString>
<targetEntity>BF8549DC-2843-5319-E646-06CA11F26C3B</targetEntity>
<transferable>true</transferable>
<deleteRule>NO ACTION</deleteRule>
</Relation>