<?xml version = '1.0' encoding = 'UTF-8'?>
<Relation class="oracle.dbtools.crest.model.design.logical.Relation" name="Relation_9" directorySegmentName="seg_0" id="D68E2BB8-690E-2F17-CFED-EB448FA25B95">
<createdBy>Formateur_DEV</createdBy>
<createdTime>2017-04-06 12:34:23 UTC</createdTime>
<ownerDesignName>Entreprise</ownerDesignName>
<engineerTo>
<item key="D686763B-43DF-3978-1B0C-E11F65007FE3" value="true"/>
</engineerTo>
<identifying>false</identifying>
<optionalSource>true</optionalSource>
<optionalTarget>false</optionalTarget>
<sourceCardinality>*</sourceCardinality>
<sourceEntity>81FD86E6-E2E2-017C-23F6-C88879C7184C</sourceEntity>
<targetCardinalityString>*</targetCardinalityString>
<targetEntity>391D6E66-134F-238C-BEF2-5A680542F065</targetEntity>
<transferable>true</transferable>
<deleteRule>NO ACTION</deleteRule>
<attributes itemClass="oracle.dbtools.crest.model.design.logical.Attribute">
<attribute name="HeuresTravaillées" id="E682F1F5-0008-8169-4095-C6678E060223">
<createdBy>Formateur_DEV</createdBy>
<createdTime>2017-04-06 12:34:54 UTC</createdTime>
<ownerDesignName>Entreprise</ownerDesignName>
<engineerTo>
<item key="D686763B-43DF-3978-1B0C-E11F65007FE3" value="true"/>
</engineerTo>
<nullsAllowed>true</nullsAllowed>
<useDomainConstraints>false</useDomainConstraints>
<use>1</use>
<logicalDatatype>LOGDT011</logicalDatatype>
<ownDataTypeParameters>,,</ownDataTypeParameters>
</attribute>
</attributes>
</Relation>