<?xml version = '1.0' encoding = 'UTF-8'?>
<Entity class="oracle.dbtools.crest.model.design.logical.Entity" directorySegmentName="seg_0" id="0FBF6C21-5EDF-F7AA-4DFD-99C136EA781C" name="Matière">
<createdBy>Formateur_DEV</createdBy>
<createdTime>2017-04-07 08:36:16 UTC</createdTime>
<ownerDesignName>Lycée</ownerDesignName>
<engineerTo>
<item key="29ED7560-9C41-4D2A-BC13-1BED54C60496" value="true"/>
<item key="875B20A3-DE2C-E494-9F94-EE30D02CE557" value="true"/>
</engineerTo>
<adequatelyNormalized>NO</adequatelyNormalized>
<expectedVolumes>0</expectedVolumes>
<fwdEngineeringStrategyName>Single Table</fwdEngineeringStrategyName>
<growthPercent>0</growthPercent>
<growthType>Year</growthType>
<maxVolumes>9999999</maxVolumes>
<minVolumes>0</minVolumes>
<normalForm>Third</normalForm>
<attributes itemClass="oracle.dbtools.crest.model.design.logical.Attribute">
<Attribute name="Id" id="E41B96E6-7901-FD68-E5D4-CAC4A0D90EF9">
<createdBy>Formateur_DEV</createdBy>
<createdTime>2017-04-07 08:36:51 UTC</createdTime>
<ownerDesignName>Lycée</ownerDesignName>
<engineerTo>
<item key="29ED7560-9C41-4D2A-BC13-1BED54C60496" value="true"/>
<item key="875B20A3-DE2C-E494-9F94-EE30D02CE557" value="true"/>
</engineerTo>
<use>0</use>
<logicalDatatype>LOGDT011</logicalDatatype>
<domain>C12ED81C-82AF-1FAF-5F61-558D4710BBC1</domain>
<ownDataTypeParameters>,,</ownDataTypeParameters>
</Attribute>
<Attribute name="Libellé" id="7FB99161-31C2-FD07-0F19-66E70E7CD776">
<createdBy>Formateur_DEV</createdBy>
<createdTime>2017-04-07 08:36:55 UTC</createdTime>
<ownerDesignName>Lycée</ownerDesignName>
<engineerTo>
<item key="29ED7560-9C41-4D2A-BC13-1BED54C60496" value="true"/>
<item key="875B20A3-DE2C-E494-9F94-EE30D02CE557" value="true"/>
</engineerTo>
<use>0</use>
<logicalDatatype>LOGDT037</logicalDatatype>
<domain>680A30BF-342B-4E15-4F53-EB84BFCF4A74</domain>
<ownDataTypeParameters>,,</ownDataTypeParameters>
</Attribute>
</attributes>
<identifiers itemClass="oracle.dbtools.crest.model.design.logical.CandidateKey">
<identifier id="5BA407B9-0F33-AC0A-0200-BA76BF53E46E" name="Matière PK">
<createdBy>Formateur_DEV</createdBy>
<createdTime>2017-04-07 08:36:54 UTC</createdTime>
<ownerDesignName>Lycée</ownerDesignName>
<shouldEngineer>false</shouldEngineer>
<engineerTo>
<item key="29ED7560-9C41-4D2A-BC13-1BED54C60496" value="true"/>
<item key="875B20A3-DE2C-E494-9F94-EE30D02CE557" value="false"/>
</engineerTo>
<pk>true</pk>
<usedAttributes>
<attributeRef>E41B96E6-7901-FD68-E5D4-CAC4A0D90EF9</attributeRef>
</usedAttributes>
</identifier>
</identifiers>
</Entity>