<?xml version = '1.0' encoding = 'UTF-8'?>
<Entity class="oracle.dbtools.crest.model.design.logical.Entity" directorySegmentName="seg_0" id="8CD37907-A99A-597C-5DF0-7CC529022C68" name="Conseil">
<createdBy>Formateur_DEV</createdBy>
<createdTime>2017-04-07 09:53:55 UTC</createdTime>
<ownerDesignName>Lycée</ownerDesignName>
<engineerTo>
<item key="29ED7560-9C41-4D2A-BC13-1BED54C60496" value="true"/>
<item key="875B20A3-DE2C-E494-9F94-EE30D02CE557" value="true"/>
</engineerTo>
<adequatelyNormalized>NO</adequatelyNormalized>
<expectedVolumes>0</expectedVolumes>
<fwdEngineeringStrategyName>Single Table</fwdEngineeringStrategyName>
<growthPercent>0</growthPercent>
<growthType>Year</growthType>
<maxVolumes>9999999</maxVolumes>
<minVolumes>0</minVolumes>
<normalForm>Third</normalForm>
<attributes itemClass="oracle.dbtools.crest.model.design.logical.Attribute">
<Attribute name="Id" id="892C1AED-5F23-B1E3-6B2F-7B3BA8D34DEA">
<createdBy>Formateur_DEV</createdBy>
<createdTime>2017-04-07 12:14:54 UTC</createdTime>
<ownerDesignName>Lycée</ownerDesignName>
<engineerTo>
<item key="29ED7560-9C41-4D2A-BC13-1BED54C60496" value="true"/>
<item key="875B20A3-DE2C-E494-9F94-EE30D02CE557" value="true"/>
</engineerTo>
<use>0</use>
<logicalDatatype>LOGDT011</logicalDatatype>
<domain>C12ED81C-82AF-1FAF-5F61-558D4710BBC1</domain>
<ownDataTypeParameters>,,</ownDataTypeParameters>
</Attribute>
<Attribute name="Date" id="61E97916-BF9A-E5B0-ED94-3A1C613E2122">
<createdBy>Formateur_DEV</createdBy>
<createdTime>2017-04-07 11:54:00 UTC</createdTime>
<ownerDesignName>Lycée</ownerDesignName>
<engineerTo>
<item key="29ED7560-9C41-4D2A-BC13-1BED54C60496" value="true"/>
<item key="875B20A3-DE2C-E494-9F94-EE30D02CE557" value="true"/>
</engineerTo>
<useDomainConstraints>false</useDomainConstraints>
<use>1</use>
<logicalDatatype>LOGDT007</logicalDatatype>
<ownDataTypeParameters>,,</ownDataTypeParameters>
</Attribute>
<Attribute name="Code" id="C4E025ED-6367-D9B4-9ACD-B5A14A37658B">
<createdBy>Cyril</createdBy>
<createdTime>2017-04-09 16:26:10 UTC</createdTime>
<generatorID>6E2A2F7F-5D1F-03BD-B4C7-8F434716E6BB</generatorID>
<ownerDesignName>Lycée</ownerDesignName>
<engineerTo>
<item key="29ED7560-9C41-4D2A-BC13-1BED54C60496" value="true"/>
<item key="875B20A3-DE2C-E494-9F94-EE30D02CE557" value="true"/>
</engineerTo>
<referedAttribute>482F8672-89F3-3014-25D6-C066130EA3C0</referedAttribute>
<useDomainConstraints>false</useDomainConstraints>
<use>0</use>
<logicalDatatype>LOGDT024</logicalDatatype>
<domain>5412AD9F-6422-FDBF-6956-FFF1ABCAE16E</domain>
<ownDataTypeParameters>,,</ownDataTypeParameters>
</Attribute>
</attributes>
<identifiers itemClass="oracle.dbtools.crest.model.design.logical.CandidateKey">
<identifier id="4E8B82C2-F1B2-97A2-39C3-A614BFD9B151" name="Conseil PK">
<createdBy>Formateur_DEV</createdBy>
<createdTime>2017-04-07 12:14:58 UTC</createdTime>
<ownerDesignName>Lycée</ownerDesignName>
<shouldEngineer>false</shouldEngineer>
<engineerTo>
<item key="29ED7560-9C41-4D2A-BC13-1BED54C60496" value="true"/>
<item key="875B20A3-DE2C-E494-9F94-EE30D02CE557" value="false"/>
</engineerTo>
<pk>true</pk>
<usedAttributes>
<attributeRef>892C1AED-5F23-B1E3-6B2F-7B3BA8D34DEA</attributeRef>
</usedAttributes>
</identifier>
</identifiers>
</Entity>