<?xml version = '1.0' encoding = 'UTF-8'?>
<Entity class="oracle.dbtools.crest.model.design.logical.Entity" directorySegmentName="seg_0" id="AFB25FEC-3B4F-7B32-7398-3ADEFFF74A65" name="Enseignement">
<createdBy>Formateur_DEV</createdBy>
<createdTime>2017-04-07 08:35:46 UTC</createdTime>
<ownerDesignName>Lycée</ownerDesignName>
<engineerTo>
<item key="29ED7560-9C41-4D2A-BC13-1BED54C60496" value="true"/>
<item key="875B20A3-DE2C-E494-9F94-EE30D02CE557" value="true"/>
</engineerTo>
<adequatelyNormalized>NO</adequatelyNormalized>
<expectedVolumes>0</expectedVolumes>
<fwdEngineeringStrategyName>Single Table</fwdEngineeringStrategyName>
<growthPercent>0</growthPercent>
<growthType>Year</growthType>
<maxVolumes>9999999</maxVolumes>
<minVolumes>0</minVolumes>
<normalForm>Third</normalForm>
<attributes itemClass="oracle.dbtools.crest.model.design.logical.Attribute">
<Attribute name="Id" id="1EC20D73-ECED-D47D-D8A9-8B2A8BB0176D">
<createdBy>Formateur_DEV</createdBy>
<createdTime>2017-04-07 08:56:55 UTC</createdTime>
<generatorID>85AA0D50-35DA-82B2-52F3-7E558B735568</generatorID>
<ownerDesignName>Lycée</ownerDesignName>
<engineerTo>
<item key="29ED7560-9C41-4D2A-BC13-1BED54C60496" value="true"/>
<item key="875B20A3-DE2C-E494-9F94-EE30D02CE557" value="true"/>
</engineerTo>
<referedAttribute>E41B96E6-7901-FD68-E5D4-CAC4A0D90EF9</referedAttribute>
<use>0</use>
<logicalDatatype>LOGDT011</logicalDatatype>
<domain>C12ED81C-82AF-1FAF-5F61-558D4710BBC1</domain>
<ownDataTypeParameters>,,</ownDataTypeParameters>
</Attribute>
<Attribute name="Id2" id="A933BBD5-5C4A-5C35-9BB6-BCBD403DAA52">
<createdBy>Formateur_DEV</createdBy>
<createdTime>2017-04-07 12:12:10 UTC</createdTime>
<generatorID>FBEDA48F-7DAE-C13F-F2AD-1A8CEF91B704</generatorID>
<ownerDesignName>Lycée</ownerDesignName>
<engineerTo>
<item key="29ED7560-9C41-4D2A-BC13-1BED54C60496" value="true"/>
<item key="875B20A3-DE2C-E494-9F94-EE30D02CE557" value="true"/>
</engineerTo>
<referedAttribute>525B9622-CCA3-6412-A2EF-9C6FA90135F5</referedAttribute>
<use>0</use>
<logicalDatatype>LOGDT011</logicalDatatype>
<domain>C12ED81C-82AF-1FAF-5F61-558D4710BBC1</domain>
<ownDataTypeParameters>,,</ownDataTypeParameters>
</Attribute>
<Attribute name="Code" id="0E0ECC70-1F24-5430-9D9E-933B756CD06E">
<createdBy>Formateur_DEV</createdBy>
<createdTime>2017-04-07 12:12:39 UTC</createdTime>
<generatorID>A6D224AA-1D3B-1511-DD8C-2B6BB6A27E84</generatorID>
<ownerDesignName>Lycée</ownerDesignName>
<engineerTo>
<item key="29ED7560-9C41-4D2A-BC13-1BED54C60496" value="true"/>
<item key="875B20A3-DE2C-E494-9F94-EE30D02CE557" value="true"/>
</engineerTo>
<referedAttribute>482F8672-89F3-3014-25D6-C066130EA3C0</referedAttribute>
<useDomainConstraints>false</useDomainConstraints>
<use>0</use>
<logicalDatatype>LOGDT024</logicalDatatype>
<domain>5412AD9F-6422-FDBF-6956-FFF1ABCAE16E</domain>
<ownDataTypeParameters>,,</ownDataTypeParameters>
</Attribute>
</attributes>
<identifiers itemClass="oracle.dbtools.crest.model.design.logical.CandidateKey">
<identifier id="EBD13447-7A03-755C-7634-42B5D8166BC4" name="Enseignement PK">
<createdBy>Formateur_DEV</createdBy>
<createdTime>2017-04-07 12:10:43 UTC</createdTime>
<ownerDesignName>Lycée</ownerDesignName>
<shouldEngineer>false</shouldEngineer>
<engineerTo>
<item key="29ED7560-9C41-4D2A-BC13-1BED54C60496" value="true"/>
<item key="875B20A3-DE2C-E494-9F94-EE30D02CE557" value="false"/>
</engineerTo>
<pk>true</pk>
<usedAttributes>
<attributeRef>1EC20D73-ECED-D47D-D8A9-8B2A8BB0176D</attributeRef>
<attributeRef>A933BBD5-5C4A-5C35-9BB6-BCBD403DAA52</attributeRef>
<attributeRef>0E0ECC70-1F24-5430-9D9E-933B756CD06E</attributeRef>
</usedAttributes>
</identifier>
</identifiers>
</Entity>