<?xml version = '1.0' encoding = 'UTF-8'?>
<Entity class="oracle.dbtools.crest.model.design.logical.Entity" directorySegmentName="seg_0" id="B36C867F-766A-7577-FCAA-060BEBF7BB56" name="Classe">
<createdBy>Formateur_DEV</createdBy>
<createdTime>2017-04-07 08:37:34 UTC</createdTime>
<ownerDesignName>Lycée</ownerDesignName>
<engineerTo>
<item key="29ED7560-9C41-4D2A-BC13-1BED54C60496" value="true"/>
<item key="875B20A3-DE2C-E494-9F94-EE30D02CE557" value="true"/>
</engineerTo>
<adequatelyNormalized>NO</adequatelyNormalized>
<expectedVolumes>0</expectedVolumes>
<fwdEngineeringStrategyName>Single Table</fwdEngineeringStrategyName>
<growthPercent>0</growthPercent>
<growthType>Year</growthType>
<maxVolumes>9999999</maxVolumes>
<minVolumes>0</minVolumes>
<normalForm>Third</normalForm>
<attributes itemClass="oracle.dbtools.crest.model.design.logical.Attribute">
<Attribute name="Code" id="482F8672-89F3-3014-25D6-C066130EA3C0">
<createdBy>Formateur_DEV</createdBy>
<createdTime>2017-04-07 09:27:09 UTC</createdTime>
<ownerDesignName>Lycée</ownerDesignName>
<engineerTo>
<item key="29ED7560-9C41-4D2A-BC13-1BED54C60496" value="true"/>
<item key="875B20A3-DE2C-E494-9F94-EE30D02CE557" value="true"/>
</engineerTo>
<useDomainConstraints>false</useDomainConstraints>
<use>0</use>
<logicalDatatype>LOGDT024</logicalDatatype>
<domain>5412AD9F-6422-FDBF-6956-FFF1ABCAE16E</domain>
<ownDataTypeParameters>,,</ownDataTypeParameters>
</Attribute>
<Attribute name="Id" id="8A90E27A-3CA5-0CEC-98FA-C1A7C235F42F">
<createdBy>Formateur_DEV</createdBy>
<createdTime>2017-04-07 09:33:24 UTC</createdTime>
<generatorID>73AF8BD5-1C99-6C02-60DA-F3CE62F305C9</generatorID>
<ownerDesignName>Lycée</ownerDesignName>
<engineerTo>
<item key="29ED7560-9C41-4D2A-BC13-1BED54C60496" value="true"/>
<item key="875B20A3-DE2C-E494-9F94-EE30D02CE557" value="true"/>
</engineerTo>
<referedAttribute>525B9622-CCA3-6412-A2EF-9C6FA90135F5</referedAttribute>
<use>0</use>
<logicalDatatype>LOGDT011</logicalDatatype>
<domain>C12ED81C-82AF-1FAF-5F61-558D4710BBC1</domain>
<ownDataTypeParameters>,,</ownDataTypeParameters>
</Attribute>
</attributes>
<identifiers itemClass="oracle.dbtools.crest.model.design.logical.CandidateKey">
<identifier id="2E96ED5D-469F-1AE9-71FD-A92E01E67A48" name="Classe PK">
<createdBy>Formateur_DEV</createdBy>
<createdTime>2017-04-07 09:27:13 UTC</createdTime>
<ownerDesignName>Lycée</ownerDesignName>
<shouldEngineer>false</shouldEngineer>
<engineerTo>
<item key="29ED7560-9C41-4D2A-BC13-1BED54C60496" value="true"/>
<item key="875B20A3-DE2C-E494-9F94-EE30D02CE557" value="false"/>
</engineerTo>
<pk>true</pk>
<usedAttributes>
<attributeRef>482F8672-89F3-3014-25D6-C066130EA3C0</attributeRef>
</usedAttributes>
</identifier>
</identifiers>
</Entity>