<?xml version = '1.0' encoding = 'UTF-8'?>
<Entity class="oracle.dbtools.crest.model.design.logical.Entity" directorySegmentName="seg_0" id="C967E846-39B5-6629-8C97-CC5565F0E45F" name="Elève">
<createdBy>Formateur_DEV</createdBy>
<createdTime>2017-04-07 08:36:10 UTC</createdTime>
<ownerDesignName>Lycée</ownerDesignName>
<engineerTo>
<item key="29ED7560-9C41-4D2A-BC13-1BED54C60496" value="true"/>
<item key="875B20A3-DE2C-E494-9F94-EE30D02CE557" value="true"/>
</engineerTo>
<adequatelyNormalized>NO</adequatelyNormalized>
<expectedVolumes>0</expectedVolumes>
<fwdEngineeringStrategyName>Single Table</fwdEngineeringStrategyName>
<growthPercent>0</growthPercent>
<growthType>Year</growthType>
<hierarchicalParent>E21BA5EF-1BE4-602F-3D70-495701DAA86D</hierarchicalParent>
<maxVolumes>9999999</maxVolumes>
<minVolumes>0</minVolumes>
<normalForm>Third</normalForm>
<attributes itemClass="oracle.dbtools.crest.model.design.logical.Attribute">
<Attribute name="Code" id="B0CA7668-C78F-E931-D4D7-70369ECF886A">
<createdBy>Formateur_DEV</createdBy>
<createdTime>2017-04-07 09:27:13 UTC</createdTime>
<generatorID>8C1EE5E1-A871-6194-45FB-3511F65EEF8B</generatorID>
<ownerDesignName>Lycée</ownerDesignName>
<engineerTo>
<item key="29ED7560-9C41-4D2A-BC13-1BED54C60496" value="true"/>
<item key="875B20A3-DE2C-E494-9F94-EE30D02CE557" value="true"/>
</engineerTo>
<referedAttribute>482F8672-89F3-3014-25D6-C066130EA3C0</referedAttribute>
<useDomainConstraints>false</useDomainConstraints>
<use>0</use>
<logicalDatatype>LOGDT024</logicalDatatype>
<domain>5412AD9F-6422-FDBF-6956-FFF1ABCAE16E</domain>
<ownDataTypeParameters>,,</ownDataTypeParameters>
</Attribute>
</attributes>
</Entity>