<?xml version = '1.0' encoding = 'UTF-8'?>
<Entity class="oracle.dbtools.crest.model.design.logical.Entity" directorySegmentName="seg_0" id="E21BA5EF-1BE4-602F-3D70-495701DAA86D" name="Personne">
<createdBy>Formateur_DEV</createdBy>
<createdTime>2017-04-07 09:30:35 UTC</createdTime>
<ownerDesignName>Lycée</ownerDesignName>
<engineerTo>
<item key="29ED7560-9C41-4D2A-BC13-1BED54C60496" value="true"/>
<item key="875B20A3-DE2C-E494-9F94-EE30D02CE557" value="true"/>
</engineerTo>
<adequatelyNormalized>NO</adequatelyNormalized>
<expectedVolumes>0</expectedVolumes>
<fwdEngineeringStrategyName>Single Table</fwdEngineeringStrategyName>
<growthPercent>0</growthPercent>
<growthType>Year</growthType>
<maxVolumes>9999999</maxVolumes>
<minVolumes>0</minVolumes>
<normalForm>Third</normalForm>
<attributes itemClass="oracle.dbtools.crest.model.design.logical.Attribute">
<Attribute name="Id" id="525B9622-CCA3-6412-A2EF-9C6FA90135F5">
<createdBy>Formateur_DEV</createdBy>
<createdTime>2017-04-07 09:30:54 UTC</createdTime>
<ownerDesignName>Lycée</ownerDesignName>
<engineerTo>
<item key="29ED7560-9C41-4D2A-BC13-1BED54C60496" value="true"/>
<item key="875B20A3-DE2C-E494-9F94-EE30D02CE557" value="true"/>
</engineerTo>
<use>0</use>
<logicalDatatype>LOGDT011</logicalDatatype>
<domain>C12ED81C-82AF-1FAF-5F61-558D4710BBC1</domain>
<ownDataTypeParameters>,,</ownDataTypeParameters>
</Attribute>
<Attribute name="Nom" id="ABBE4A1C-AC17-E82C-5EC2-0F06FBD0CC77">
<createdBy>Formateur_DEV</createdBy>
<createdTime>2017-04-07 09:30:42 UTC</createdTime>
<ownerDesignName>Lycée</ownerDesignName>
<engineerTo>
<item key="29ED7560-9C41-4D2A-BC13-1BED54C60496" value="true"/>
<item key="875B20A3-DE2C-E494-9F94-EE30D02CE557" value="true"/>
</engineerTo>
<use>0</use>
<logicalDatatype>LOGDT037</logicalDatatype>
<domain>680A30BF-342B-4E15-4F53-EB84BFCF4A74</domain>
<ownDataTypeParameters>,,</ownDataTypeParameters>
</Attribute>
<Attribute name="Prénom" id="04B7341C-5C19-E269-7A2E-89BA56E8305C">
<createdBy>Formateur_DEV</createdBy>
<createdTime>2017-04-07 09:30:45 UTC</createdTime>
<ownerDesignName>Lycée</ownerDesignName>
<engineerTo>
<item key="29ED7560-9C41-4D2A-BC13-1BED54C60496" value="true"/>
<item key="875B20A3-DE2C-E494-9F94-EE30D02CE557" value="true"/>
</engineerTo>
<use>0</use>
<logicalDatatype>LOGDT037</logicalDatatype>
<domain>680A30BF-342B-4E15-4F53-EB84BFCF4A74</domain>
<ownDataTypeParameters>,,</ownDataTypeParameters>
</Attribute>
</attributes>
<identifiers itemClass="oracle.dbtools.crest.model.design.logical.CandidateKey">
<identifier id="EF55444E-729F-76DD-4477-28206758AD2D" name="Personne PK">
<createdBy>Formateur_DEV</createdBy>
<createdTime>2017-04-07 09:30:56 UTC</createdTime>
<ownerDesignName>Lycée</ownerDesignName>
<shouldEngineer>false</shouldEngineer>
<engineerTo>
<item key="29ED7560-9C41-4D2A-BC13-1BED54C60496" value="true"/>
<item key="875B20A3-DE2C-E494-9F94-EE30D02CE557" value="false"/>
</engineerTo>
<pk>true</pk>
<usedAttributes>
<attributeRef>525B9622-CCA3-6412-A2EF-9C6FA90135F5</attributeRef>
</usedAttributes>
</identifier>
</identifiers>
</Entity>