<?xml version = '1.0' encoding = 'UTF-8'?>
<Entity class="oracle.dbtools.crest.model.design.logical.Entity" directorySegmentName="seg_0" id="421EDA04-1256-DFEA-26E4-F05BB7DB2E1E" name="Adresse">
<createdBy>Cyril</createdBy>
<createdTime>2017-03-16 21:19:15 UTC</createdTime>
<ownerDesignName>Marchand</ownerDesignName>
<engineerTo>
<item key="2F30993B-38A8-1BBC-F96E-AF39455C989F" value="true"/>
</engineerTo>
<adequatelyNormalized>NO</adequatelyNormalized>
<expectedVolumes>0</expectedVolumes>
<fwdEngineeringStrategyName>Single Table</fwdEngineeringStrategyName>
<growthPercent>0</growthPercent>
<growthType>Year</growthType>
<maxVolumes>9999999</maxVolumes>
<minVolumes>0</minVolumes>
<normalForm>Third</normalForm>
<attributes itemClass="oracle.dbtools.crest.model.design.logical.Attribute">
<Attribute name="Id" id="7A5849F0-D4EC-AE86-414D-6184474BE6AE">
<createdBy>Cyril</createdBy>
<createdTime>2017-03-16 21:19:32 UTC</createdTime>
<ownerDesignName>Marchand</ownerDesignName>
<engineerTo>
<item key="2F30993B-38A8-1BBC-F96E-AF39455C989F" value="true"/>
</engineerTo>
<useDomainConstraints>false</useDomainConstraints>
<use>1</use>
<logicalDatatype>LOGDT011</logicalDatatype>
<ownDataTypeParameters>,,</ownDataTypeParameters>
</Attribute>
<Attribute name="Rue" id="57ECB2C4-D87B-428F-69B4-5637E0EFDF2A">
<createdBy>Cyril</createdBy>
<createdTime>2017-03-16 21:19:39 UTC</createdTime>
<ownerDesignName>Marchand</ownerDesignName>
<engineerTo>
<item key="2F30993B-38A8-1BBC-F96E-AF39455C989F" value="true"/>
</engineerTo>
<useDomainConstraints>false</useDomainConstraints>
<use>1</use>
<logicalDatatype>LOGDT037</logicalDatatype>
<ownDataTypeParameters>,,</ownDataTypeParameters>
</Attribute>
<Attribute name="CodePostal" id="74774C18-22A5-1F2E-1679-7DBB45D2EABA">
<createdBy>Cyril</createdBy>
<createdTime>2017-03-16 21:19:51 UTC</createdTime>
<ownerDesignName>Marchand</ownerDesignName>
<engineerTo>
<item key="2F30993B-38A8-1BBC-F96E-AF39455C989F" value="true"/>
</engineerTo>
<useDomainConstraints>false</useDomainConstraints>
<use>1</use>
<logicalDatatype>LOGDT024</logicalDatatype>
<ownDataTypeParameters>,,</ownDataTypeParameters>
</Attribute>
<Attribute name="Ville" id="9025AB83-906B-55EE-21B6-AF1236BB1C04">
<createdBy>Cyril</createdBy>
<createdTime>2017-03-16 21:20:15 UTC</createdTime>
<ownerDesignName>Marchand</ownerDesignName>
<engineerTo>
<item key="2F30993B-38A8-1BBC-F96E-AF39455C989F" value="true"/>
</engineerTo>
<useDomainConstraints>false</useDomainConstraints>
<use>1</use>
<logicalDatatype>LOGDT037</logicalDatatype>
<ownDataTypeParameters>,,</ownDataTypeParameters>
</Attribute>
<Attribute name="Id1" id="18304969-5AD3-B151-0A47-EC7558999199">
<createdBy>Cyril</createdBy>
<createdTime>2017-04-09 18:18:58 UTC</createdTime>
<generatorID>8291B92C-5B1B-8DDE-5021-C7FCF9692C25</generatorID>
<ownerDesignName>Marchand</ownerDesignName>
<engineerTo>
<item key="2F30993B-38A8-1BBC-F96E-AF39455C989F" value="true"/>
</engineerTo>
<referedAttribute>39887ED0-47B4-8367-33D5-1923373048C3</referedAttribute>
<useDomainConstraints>false</useDomainConstraints>
<use>1</use>
<logicalDatatype>LOGDT011</logicalDatatype>
<ownDataTypeParameters>,,</ownDataTypeParameters>
</Attribute>
<Attribute name="Id2" id="0FCFDB03-EED7-4FED-29AE-530D3093E6DF">
<createdBy>Cyril</createdBy>
<createdTime>2017-04-09 18:19:04 UTC</createdTime>
<generatorID>CC73AF1E-1A93-1C4E-F66A-F0DC9C1CC054</generatorID>
<ownerDesignName>Marchand</ownerDesignName>
<engineerTo>
<item key="2F30993B-38A8-1BBC-F96E-AF39455C989F" value="true"/>
</engineerTo>
<referedAttribute>39887ED0-47B4-8367-33D5-1923373048C3</referedAttribute>
<useDomainConstraints>false</useDomainConstraints>
<use>1</use>
<logicalDatatype>LOGDT011</logicalDatatype>
<ownDataTypeParameters>,,</ownDataTypeParameters>
</Attribute>
</attributes>
<identifiers itemClass="oracle.dbtools.crest.model.design.logical.CandidateKey">
<identifier id="841FC6C8-F974-C4E6-BBA8-D939FB1E54F6" name="Adresse PK">
<createdBy>Cyril</createdBy>
<createdTime>2017-03-16 21:19:41 UTC</createdTime>
<ownerDesignName>Marchand</ownerDesignName>
<engineerTo>
<item key="2F30993B-38A8-1BBC-F96E-AF39455C989F" value="true"/>
</engineerTo>
<pk>true</pk>
<usedAttributes>
<attributeRef>7A5849F0-D4EC-AE86-414D-6184474BE6AE</attributeRef>
</usedAttributes>
</identifier>
</identifiers>
</Entity>