<?xml version = '1.0' encoding = 'UTF-8'?>
<Entity class="oracle.dbtools.crest.model.design.logical.Entity" directorySegmentName="seg_0" id="5F24FC65-DB0E-A12E-A53D-318DAF0AB21B" name="Chèque cadeau">
<createdBy>Formateur_DEV</createdBy>
<createdTime>2017-04-07 07:24:09 UTC</createdTime>
<ownerDesignName>Marchand</ownerDesignName>
<engineerTo>
<item key="2F30993B-38A8-1BBC-F96E-AF39455C989F" value="true"/>
</engineerTo>
<adequatelyNormalized>NO</adequatelyNormalized>
<expectedVolumes>0</expectedVolumes>
<fwdEngineeringStrategyName>Single Table</fwdEngineeringStrategyName>
<growthPercent>0</growthPercent>
<growthType>Year</growthType>
<maxVolumes>9999999</maxVolumes>
<minVolumes>0</minVolumes>
<normalForm>Third</normalForm>
<attributes itemClass="oracle.dbtools.crest.model.design.logical.Attribute">
<Attribute name="N° chèque" id="FE366919-15E6-B61E-E617-610188492C30">
<createdBy>Formateur_DEV</createdBy>
<createdTime>2017-04-07 07:24:18 UTC</createdTime>
<ownerDesignName>Marchand</ownerDesignName>
<engineerTo>
<item key="2F30993B-38A8-1BBC-F96E-AF39455C989F" value="true"/>
</engineerTo>
<use>0</use>
<ownDataTypeParameters>,,</ownDataTypeParameters>
</Attribute>
<Attribute name="Montant" id="FB016B96-8A71-D7A0-21DF-2B09BABC03FA">
<createdBy>Formateur_DEV</createdBy>
<createdTime>2017-04-07 07:24:24 UTC</createdTime>
<ownerDesignName>Marchand</ownerDesignName>
<engineerTo>
<item key="2F30993B-38A8-1BBC-F96E-AF39455C989F" value="true"/>
</engineerTo>
<use>0</use>
<ownDataTypeParameters>,,</ownDataTypeParameters>
</Attribute>
</attributes>
<identifiers itemClass="oracle.dbtools.crest.model.design.logical.CandidateKey">
<identifier id="65AF6562-DC46-EBF6-0F33-4B68720A699E" name="Chèque cadeau PK">
<createdBy>Formateur_DEV</createdBy>
<createdTime>2017-04-07 07:32:47 UTC</createdTime>
<ownerDesignName>Marchand</ownerDesignName>
<engineerTo>
<item key="2F30993B-38A8-1BBC-F96E-AF39455C989F" value="true"/>
</engineerTo>
<pk>true</pk>
<usedAttributes>
<attributeRef>FE366919-15E6-B61E-E617-610188492C30</attributeRef>
</usedAttributes>
</identifier>
</identifiers>
</Entity>