<?xml version = '1.0' encoding = 'UTF-8'?>
<Entity class="oracle.dbtools.crest.model.design.logical.Entity" directorySegmentName="seg_0" id="736E2BA2-F345-8DCC-78B8-C358225EC757" name="Sexe">
<createdBy>Cyril</createdBy>
<createdTime>2017-03-16 22:34:39 UTC</createdTime>
<ownerDesignName>Marchand</ownerDesignName>
<engineerTo>
<item key="2F30993B-38A8-1BBC-F96E-AF39455C989F" value="true"/>
</engineerTo>
<adequatelyNormalized>NO</adequatelyNormalized>
<expectedVolumes>0</expectedVolumes>
<fwdEngineeringStrategyName>Single Table</fwdEngineeringStrategyName>
<growthPercent>0</growthPercent>
<growthType>Year</growthType>
<maxVolumes>9999999</maxVolumes>
<minVolumes>0</minVolumes>
<normalForm>Third</normalForm>
<attributes itemClass="oracle.dbtools.crest.model.design.logical.Attribute">
<Attribute name="Id" id="7D9722EA-A7CD-D42A-8583-E3D88728F16B">
<createdBy>Cyril</createdBy>
<createdTime>2017-03-16 22:34:48 UTC</createdTime>
<ownerDesignName>Marchand</ownerDesignName>
<engineerTo>
<item key="2F30993B-38A8-1BBC-F96E-AF39455C989F" value="true"/>
</engineerTo>
<useDomainConstraints>false</useDomainConstraints>
<use>1</use>
<logicalDatatype>LOGDT042</logicalDatatype>
<ownDataTypeParameters>,,</ownDataTypeParameters>
</Attribute>
<Attribute name="Libellé" id="BFAFEC71-8518-7282-8E56-E63B7C480940">
<createdBy>Cyril</createdBy>
<createdTime>2017-03-16 22:35:00 UTC</createdTime>
<ownerDesignName>Marchand</ownerDesignName>
<engineerTo>
<item key="2F30993B-38A8-1BBC-F96E-AF39455C989F" value="true"/>
</engineerTo>
<nullsAllowed>true</nullsAllowed>
<use>0</use>
<logicalDatatype>LOGDT037</logicalDatatype>
<domain>680A30BF-342B-4E15-4F53-EB84BFCF4A74</domain>
<ownDataTypeParameters>,,</ownDataTypeParameters>
</Attribute>
<Attribute name="Id1" id="091BC93D-F8DB-D2E0-FF1F-0E6BCFD4B3F4">
<createdBy>Cyril</createdBy>
<createdTime>2017-03-16 22:35:38 UTC</createdTime>
<generatorID>2CB25B28-2C40-B06D-FC84-13A3B1BE8513</generatorID>
<ownerDesignName>Marchand</ownerDesignName>
<engineerTo>
<item key="2F30993B-38A8-1BBC-F96E-AF39455C989F" value="true"/>
</engineerTo>
<nullsAllowed>true</nullsAllowed>
<referedAttribute>39887ED0-47B4-8367-33D5-1923373048C3</referedAttribute>
<use>0</use>
<logicalDatatype>LOGDT011</logicalDatatype>
<domain>C12ED81C-82AF-1FAF-5F61-558D4710BBC1</domain>
<ownDataTypeParameters>,,</ownDataTypeParameters>
</Attribute>
</attributes>
</Entity>