<?xml version = '1.0' encoding = 'UTF-8'?>
<Entity class="oracle.dbtools.crest.model.design.logical.Entity" directorySegmentName="seg_0" id="A6A263DF-C717-00FC-03D6-CE9D7763A1AF" name="Salarié">
<createdBy>Cyril</createdBy>
<createdTime>2017-03-16 20:30:53 UTC</createdTime>
<ownerDesignName>Marchand</ownerDesignName>
<engineerTo>
<item key="2F30993B-38A8-1BBC-F96E-AF39455C989F" value="true"/>
</engineerTo>
<adequatelyNormalized>NO</adequatelyNormalized>
<expectedVolumes>0</expectedVolumes>
<fwdEngineeringStrategyName>Single Table</fwdEngineeringStrategyName>
<growthPercent>0</growthPercent>
<growthType>Year</growthType>
<hierarchicalParent>42C9D5A0-FBE1-44EB-9116-E71A0E8272EA</hierarchicalParent>
<maxVolumes>9999999</maxVolumes>
<minVolumes>0</minVolumes>
<normalForm>Third</normalForm>
<attributes itemClass="oracle.dbtools.crest.model.design.logical.Attribute">
<Attribute name="NuméroSécu" id="522C7626-21D7-2C4B-F719-BB228C471276">
<createdBy>Cyril</createdBy>
<createdTime>2017-03-16 20:31:22 UTC</createdTime>
<ownerDesignName>Marchand</ownerDesignName>
<engineerTo>
<item key="2F30993B-38A8-1BBC-F96E-AF39455C989F" value="true"/>
</engineerTo>
<useDomainConstraints>false</useDomainConstraints>
<use>1</use>
<logicalDatatype>LOGDT024</logicalDatatype>
<ownDataTypeParameters>,,</ownDataTypeParameters>
</Attribute>
<Attribute name="DateEntrée" id="5EFD2691-1559-F1EF-3F6C-1B4BC3A51B65">
<createdBy>Cyril</createdBy>
<createdTime>2017-03-16 20:32:52 UTC</createdTime>
<ownerDesignName>Marchand</ownerDesignName>
<engineerTo>
<item key="2F30993B-38A8-1BBC-F96E-AF39455C989F" value="true"/>
</engineerTo>
<useDomainConstraints>false</useDomainConstraints>
<use>1</use>
<logicalDatatype>LOGDT007</logicalDatatype>
<ownDataTypeParameters>,,</ownDataTypeParameters>
</Attribute>
<Attribute name="DateSortie" id="7E36254C-4AFC-29AC-3AD2-F8C99F9D90AA">
<createdBy>Cyril</createdBy>
<createdTime>2017-03-16 20:33:17 UTC</createdTime>
<ownerDesignName>Marchand</ownerDesignName>
<engineerTo>
<item key="2F30993B-38A8-1BBC-F96E-AF39455C989F" value="true"/>
</engineerTo>
<nullsAllowed>true</nullsAllowed>
<useDomainConstraints>false</useDomainConstraints>
<use>1</use>
<logicalDatatype>LOGDT007</logicalDatatype>
<ownDataTypeParameters>,,</ownDataTypeParameters>
</Attribute>
<Attribute name="Id" id="AF872AE3-32A4-4D79-D340-026198E9F3DA">
<createdBy>Cyril</createdBy>
<createdTime>2017-03-16 20:36:23 UTC</createdTime>
<generatorID>75D4D232-5680-984C-6142-23A5D35A742F</generatorID>
<ownerDesignName>Marchand</ownerDesignName>
<engineerTo>
<item key="2F30993B-38A8-1BBC-F96E-AF39455C989F" value="true"/>
</engineerTo>
<referedAttribute>09D467D2-D2D0-32B0-4D94-57EF0C42F5E0</referedAttribute>
<useDomainConstraints>false</useDomainConstraints>
<use>1</use>
<logicalDatatype>LOGDT011</logicalDatatype>
<ownDataTypeParameters>,,</ownDataTypeParameters>
</Attribute>
</attributes>
<identifiers itemClass="oracle.dbtools.crest.model.design.logical.CandidateKey">
<identifier id="02AC53DF-CBD4-986A-1676-66318B4FD71A" name="Salarié PK">
<createdBy>Formateur_DEV</createdBy>
<createdTime>2017-04-07 07:58:38 UTC</createdTime>
<ownerDesignName>Marchand</ownerDesignName>
<engineerTo>
<item key="2F30993B-38A8-1BBC-F96E-AF39455C989F" value="true"/>
</engineerTo>
<pk>true</pk>
</identifier>
</identifiers>
</Entity>