<?xml version = '1.0' encoding = 'UTF-8'?>
<Entity class="oracle.dbtools.crest.model.design.logical.Entity" directorySegmentName="seg_0" id="BB19C019-924D-636D-BBEF-6DDB5E3B9AD3" name="Client">
<createdBy>Cyril</createdBy>
<createdTime>2017-03-16 20:29:28 UTC</createdTime>
<ownerDesignName>Marchand</ownerDesignName>
<engineerTo>
<item key="2F30993B-38A8-1BBC-F96E-AF39455C989F" value="true"/>
</engineerTo>
<adequatelyNormalized>NO</adequatelyNormalized>
<expectedVolumes>0</expectedVolumes>
<fwdEngineeringStrategyName>Single Table</fwdEngineeringStrategyName>
<growthPercent>0</growthPercent>
<growthType>Year</growthType>
<hierarchicalParent>42C9D5A0-FBE1-44EB-9116-E71A0E8272EA</hierarchicalParent>
<maxVolumes>9999999</maxVolumes>
<minVolumes>0</minVolumes>
<normalForm>Third</normalForm>
<attributes itemClass="oracle.dbtools.crest.model.design.logical.Attribute">
<Attribute name="Numero" id="DA5558E2-B2D7-9172-9579-63DEB2140111">
<createdBy>Cyril</createdBy>
<createdTime>2017-03-16 20:29:37 UTC</createdTime>
<ownerDesignName>Marchand</ownerDesignName>
<engineerTo>
<item key="2F30993B-38A8-1BBC-F96E-AF39455C989F" value="true"/>
</engineerTo>
<useDomainConstraints>false</useDomainConstraints>
<use>1</use>
<logicalDatatype>LOGDT024</logicalDatatype>
<ownDataTypeParameters>,,</ownDataTypeParameters>
</Attribute>
</attributes>
</Entity>