<?xml version = '1.0' encoding = 'UTF-8'?>
<Entity class="oracle.dbtools.crest.model.design.logical.Entity" directorySegmentName="seg_0" id="BE39B9B2-693B-65C7-9156-4FC83E095014" name="LigneCommande">
<createdBy>Cyril</createdBy>
<createdTime>2017-03-16 20:56:30 UTC</createdTime>
<ownerDesignName>Marchand</ownerDesignName>
<engineerTo>
<item key="2F30993B-38A8-1BBC-F96E-AF39455C989F" value="true"/>
</engineerTo>
<adequatelyNormalized>NO</adequatelyNormalized>
<expectedVolumes>0</expectedVolumes>
<fwdEngineeringStrategyName>Single Table</fwdEngineeringStrategyName>
<growthPercent>0</growthPercent>
<growthType>Year</growthType>
<maxVolumes>9999999</maxVolumes>
<minVolumes>0</minVolumes>
<normalForm>Third</normalForm>
<attributes itemClass="oracle.dbtools.crest.model.design.logical.Attribute">
<Attribute name="Id" id="5B1D4BDE-7459-41B9-AE3F-A95788057626">
<createdBy>Cyril</createdBy>
<createdTime>2017-03-16 20:56:37 UTC</createdTime>
<ownerDesignName>Marchand</ownerDesignName>
<engineerTo>
<item key="2F30993B-38A8-1BBC-F96E-AF39455C989F" value="true"/>
</engineerTo>
<useDomainConstraints>false</useDomainConstraints>
<use>1</use>
<logicalDatatype>LOGDT011</logicalDatatype>
<ownDataTypeParameters>,,</ownDataTypeParameters>
</Attribute>
<Attribute name="Quantité" id="ADB3166A-B2FF-B7E2-137F-CBA97A8F7C40">
<createdBy>Cyril</createdBy>
<createdTime>2017-03-16 22:10:27 UTC</createdTime>
<ownerDesignName>Marchand</ownerDesignName>
<engineerTo>
<item key="2F30993B-38A8-1BBC-F96E-AF39455C989F" value="true"/>
</engineerTo>
<useDomainConstraints>false</useDomainConstraints>
<use>1</use>
<logicalDatatype>LOGDT042</logicalDatatype>
<ownDataTypeParameters>,,</ownDataTypeParameters>
</Attribute>
<Attribute name="PrixUnitaire" id="C9FD330E-5AA1-9B07-F1E3-AE8F9C73E7A3">
<createdBy>Cyril</createdBy>
<createdTime>2017-03-16 20:56:42 UTC</createdTime>
<ownerDesignName>Marchand</ownerDesignName>
<engineerTo>
<item key="2F30993B-38A8-1BBC-F96E-AF39455C989F" value="true"/>
</engineerTo>
<useDomainConstraints>false</useDomainConstraints>
<use>1</use>
<logicalDatatype>LOGDT043</logicalDatatype>
<ownDataTypeParameters>,,</ownDataTypeParameters>
</Attribute>
<Attribute name="PourcentRemise" id="3C6750F2-04F3-06D7-8802-F5A46317B9AB">
<createdBy>Cyril</createdBy>
<createdTime>2017-03-16 20:57:18 UTC</createdTime>
<ownerDesignName>Marchand</ownerDesignName>
<engineerTo>
<item key="2F30993B-38A8-1BBC-F96E-AF39455C989F" value="true"/>
</engineerTo>
<nullsAllowed>true</nullsAllowed>
<useDomainConstraints>false</useDomainConstraints>
<use>1</use>
<logicalDatatype>LOGDT011</logicalDatatype>
<ownDataTypeParameters>,,</ownDataTypeParameters>
</Attribute>
<Attribute name="Id1" id="01935470-D211-EF4A-6187-AF0180BA76A3">
<createdBy>Cyril</createdBy>
<createdTime>2017-03-16 22:13:39 UTC</createdTime>
<generatorID>6863FCC7-013E-49BF-F626-B73F42478ABD</generatorID>
<ownerDesignName>Marchand</ownerDesignName>
<engineerTo>
<item key="2F30993B-38A8-1BBC-F96E-AF39455C989F" value="true"/>
</engineerTo>
<referedAttribute>D9957FFE-C5D0-FF9E-B741-3CDA1A66E632</referedAttribute>
<useDomainConstraints>false</useDomainConstraints>
<use>1</use>
<logicalDatatype>LOGDT011</logicalDatatype>
<ownDataTypeParameters>,,</ownDataTypeParameters>
</Attribute>
<Attribute name="Code" id="E0DC8457-B859-617C-3273-5557A520C5B0">
<createdBy>Cyril</createdBy>
<createdTime>2017-03-16 22:13:48 UTC</createdTime>
<generatorID>7231F305-EB86-64CF-8A58-A53142B6C6AB</generatorID>
<ownerDesignName>Marchand</ownerDesignName>
<engineerTo>
<item key="2F30993B-38A8-1BBC-F96E-AF39455C989F" value="true"/>
</engineerTo>
<referedAttribute>69617754-F4C2-0C63-A012-F2D335E07EA4</referedAttribute>
<useDomainConstraints>false</useDomainConstraints>
<use>1</use>
<logicalDatatype>LOGDT024</logicalDatatype>
<ownDataTypeParameters>,,</ownDataTypeParameters>
</Attribute>
<Attribute name="EtatLivraison" id="FDFD23FA-E6A0-5A78-CDBF-EE466B24869B">
<createdBy>Formateur_DEV</createdBy>
<createdTime>2017-04-07 07:51:51 UTC</createdTime>
<ownerDesignName>Marchand</ownerDesignName>
<engineerTo>
<item key="2F30993B-38A8-1BBC-F96E-AF39455C989F" value="true"/>
</engineerTo>
<useDomainConstraints>false</useDomainConstraints>
<use>1</use>
<logicalDatatype>LOGDT042</logicalDatatype>
<ownDataTypeParameters>,,</ownDataTypeParameters>
</Attribute>
</attributes>
<identifiers itemClass="oracle.dbtools.crest.model.design.logical.CandidateKey">
<identifier id="2E68C896-88F2-75A5-E54D-5E6AC944EA37" name="LigneCommande PK">
<createdBy>Cyril</createdBy>
<createdTime>2017-03-16 21:02:45 UTC</createdTime>
<ownerDesignName>Marchand</ownerDesignName>
<engineerTo>
<item key="2F30993B-38A8-1BBC-F96E-AF39455C989F" value="true"/>
</engineerTo>
<pk>true</pk>
<usedAttributes>
<attributeRef>5B1D4BDE-7459-41B9-AE3F-A95788057626</attributeRef>
<attributeRef>01935470-D211-EF4A-6187-AF0180BA76A3</attributeRef>
</usedAttributes>
</identifier>
</identifiers>
</Entity>