<?xml version = '1.0' encoding = 'UTF-8'?>
<Entity class="oracle.dbtools.crest.model.design.logical.Entity" directorySegmentName="seg_0" id="C130A1F6-0060-D50A-9D52-19CF29943739" name="Service">
<createdBy>Cyril</createdBy>
<createdTime>2017-03-16 20:35:43 UTC</createdTime>
<ownerDesignName>Marchand</ownerDesignName>
<engineerTo>
<item key="2F30993B-38A8-1BBC-F96E-AF39455C989F" value="true"/>
</engineerTo>
<adequatelyNormalized>NO</adequatelyNormalized>
<expectedVolumes>0</expectedVolumes>
<fwdEngineeringStrategyName>Single Table</fwdEngineeringStrategyName>
<growthPercent>0</growthPercent>
<growthType>Year</growthType>
<maxVolumes>9999999</maxVolumes>
<minVolumes>0</minVolumes>
<normalForm>Third</normalForm>
<attributes itemClass="oracle.dbtools.crest.model.design.logical.Attribute">
<Attribute name="Id" id="09D467D2-D2D0-32B0-4D94-57EF0C42F5E0">
<createdBy>Cyril</createdBy>
<createdTime>2017-03-16 20:35:55 UTC</createdTime>
<ownerDesignName>Marchand</ownerDesignName>
<engineerTo>
<item key="2F30993B-38A8-1BBC-F96E-AF39455C989F" value="true"/>
</engineerTo>
<useDomainConstraints>false</useDomainConstraints>
<use>1</use>
<logicalDatatype>LOGDT011</logicalDatatype>
<ownDataTypeParameters>,,</ownDataTypeParameters>
</Attribute>
<Attribute name="Nom" id="768770CE-6D5C-0E47-EDDB-1EF709BE04B3">
<createdBy>Cyril</createdBy>
<createdTime>2017-03-16 20:36:00 UTC</createdTime>
<ownerDesignName>Marchand</ownerDesignName>
<engineerTo>
<item key="2F30993B-38A8-1BBC-F96E-AF39455C989F" value="true"/>
</engineerTo>
<useDomainConstraints>false</useDomainConstraints>
<use>1</use>
<logicalDatatype>LOGDT037</logicalDatatype>
<ownDataTypeParameters>,,</ownDataTypeParameters>
</Attribute>
</attributes>
<identifiers itemClass="oracle.dbtools.crest.model.design.logical.CandidateKey">
<identifier id="5FF06C47-6D24-CBD0-79CF-431142DE414A" name="Service PK">
<createdBy>Cyril</createdBy>
<createdTime>2017-03-16 20:36:12 UTC</createdTime>
<ownerDesignName>Marchand</ownerDesignName>
<engineerTo>
<item key="2F30993B-38A8-1BBC-F96E-AF39455C989F" value="true"/>
</engineerTo>
<pk>true</pk>
<usedAttributes>
<attributeRef>09D467D2-D2D0-32B0-4D94-57EF0C42F5E0</attributeRef>
</usedAttributes>
</identifier>
</identifiers>
</Entity>