<?xml version = '1.0' encoding = 'UTF-8'?>
<Entity class="oracle.dbtools.crest.model.design.logical.Entity" directorySegmentName="seg_0" id="E40F4F6E-4514-AE67-BE64-03A6FC80FCAE" name="Commande">
<createdBy>Cyril</createdBy>
<createdTime>2017-03-16 20:47:34 UTC</createdTime>
<ownerDesignName>Marchand</ownerDesignName>
<engineerTo>
<item key="2F30993B-38A8-1BBC-F96E-AF39455C989F" value="true"/>
</engineerTo>
<adequatelyNormalized>NO</adequatelyNormalized>
<expectedVolumes>0</expectedVolumes>
<fwdEngineeringStrategyName>Single Table</fwdEngineeringStrategyName>
<growthPercent>0</growthPercent>
<growthType>Year</growthType>
<maxVolumes>9999999</maxVolumes>
<minVolumes>0</minVolumes>
<normalForm>Third</normalForm>
<attributes itemClass="oracle.dbtools.crest.model.design.logical.Attribute">
<Attribute name="Id" id="D9957FFE-C5D0-FF9E-B741-3CDA1A66E632">
<createdBy>Cyril</createdBy>
<createdTime>2017-03-16 20:51:42 UTC</createdTime>
<ownerDesignName>Marchand</ownerDesignName>
<engineerTo>
<item key="2F30993B-38A8-1BBC-F96E-AF39455C989F" value="true"/>
</engineerTo>
<useDomainConstraints>false</useDomainConstraints>
<use>1</use>
<logicalDatatype>LOGDT011</logicalDatatype>
<ownDataTypeParameters>,,</ownDataTypeParameters>
</Attribute>
<Attribute name="DateCmde" id="3E85D1EC-AC2A-69B6-CA18-7EA54FA553A1">
<createdBy>Cyril</createdBy>
<createdTime>2017-03-16 20:52:05 UTC</createdTime>
<ownerDesignName>Marchand</ownerDesignName>
<engineerTo>
<item key="2F30993B-38A8-1BBC-F96E-AF39455C989F" value="true"/>
</engineerTo>
<useDomainConstraints>false</useDomainConstraints>
<use>1</use>
<logicalDatatype>LOGDT008</logicalDatatype>
<ownDataTypeParameters>,,</ownDataTypeParameters>
</Attribute>
<Attribute name="DatePréparation" id="C769D1A1-DBCD-4F66-8A6D-BE0E5BB6F602">
<createdBy>Formateur_DEV</createdBy>
<createdTime>2017-04-07 07:48:22 UTC</createdTime>
<ownerDesignName>Marchand</ownerDesignName>
<engineerTo>
<item key="2F30993B-38A8-1BBC-F96E-AF39455C989F" value="true"/>
</engineerTo>
<nullsAllowed>true</nullsAllowed>
<useDomainConstraints>false</useDomainConstraints>
<use>1</use>
<logicalDatatype>LOGDT007</logicalDatatype>
<ownDataTypeParameters>,,</ownDataTypeParameters>
</Attribute>
<Attribute name="Id1" id="88D2F07E-1D28-3555-800F-4C641F7CB555">
<createdBy>Cyril</createdBy>
<createdTime>2017-03-16 21:12:45 UTC</createdTime>
<generatorID>404E59E5-7EE6-3D66-38CD-B23C15BE5698</generatorID>
<ownerDesignName>Marchand</ownerDesignName>
<engineerTo>
<item key="2F30993B-38A8-1BBC-F96E-AF39455C989F" value="true"/>
</engineerTo>
<nullsAllowed>true</nullsAllowed>
<referedAttribute>E457B386-5413-E2EA-2F9F-40470E1951FF</referedAttribute>
<useDomainConstraints>false</useDomainConstraints>
<use>1</use>
<logicalDatatype>LOGDT011</logicalDatatype>
<ownDataTypeParameters>,,</ownDataTypeParameters>
</Attribute>
<Attribute name="Cloturée" id="45628FC4-CA09-7B6E-98F5-495A362451CA">
<createdBy>Cyril</createdBy>
<createdTime>2017-03-16 22:09:23 UTC</createdTime>
<ownerDesignName>Marchand</ownerDesignName>
<engineerTo>
<item key="2F30993B-38A8-1BBC-F96E-AF39455C989F" value="true"/>
</engineerTo>
<useDomainConstraints>false</useDomainConstraints>
<use>1</use>
<logicalDatatype>LOGDT034</logicalDatatype>
<ownDataTypeParameters>,,</ownDataTypeParameters>
</Attribute>
<Attribute name="Id3" id="F8A67D8B-2F20-5B74-5F3A-8C8F901C8DBF">
<createdBy>Formateur_DEV</createdBy>
<createdTime>2017-04-07 07:57:02 UTC</createdTime>
<generatorID>10ACF18E-028E-E7E5-C55B-3A0275662AE3</generatorID>
<ownerDesignName>Marchand</ownerDesignName>
<engineerTo>
<item key="2F30993B-38A8-1BBC-F96E-AF39455C989F" value="true"/>
</engineerTo>
<referedAttribute>39887ED0-47B4-8367-33D5-1923373048C3</referedAttribute>
<useDomainConstraints>false</useDomainConstraints>
<use>1</use>
<logicalDatatype>LOGDT011</logicalDatatype>
<ownDataTypeParameters>,,</ownDataTypeParameters>
</Attribute>
</attributes>
<identifiers itemClass="oracle.dbtools.crest.model.design.logical.CandidateKey">
<identifier id="56348B61-5297-46BA-A38B-1E7B65FB9CF7" name="Commande PK">
<createdBy>Cyril</createdBy>
<createdTime>2017-03-16 20:52:02 UTC</createdTime>
<ownerDesignName>Marchand</ownerDesignName>
<engineerTo>
<item key="2F30993B-38A8-1BBC-F96E-AF39455C989F" value="true"/>
</engineerTo>
<pk>true</pk>
<usedAttributes>
<attributeRef>D9957FFE-C5D0-FF9E-B741-3CDA1A66E632</attributeRef>
</usedAttributes>
</identifier>
</identifiers>
</Entity>