<?xml version = '1.0' encoding = 'UTF-8'?>
<Entity class="oracle.dbtools.crest.model.design.logical.Entity" directorySegmentName="seg_0" id="E8552350-393D-AA24-5E0B-8D13B56F7DD5" name="MoyenPaiement">
<createdBy>Cyril</createdBy>
<createdTime>2017-03-16 21:11:20 UTC</createdTime>
<ownerDesignName>Marchand</ownerDesignName>
<engineerTo>
<item key="2F30993B-38A8-1BBC-F96E-AF39455C989F" value="true"/>
</engineerTo>
<adequatelyNormalized>NO</adequatelyNormalized>
<expectedVolumes>0</expectedVolumes>
<fwdEngineeringStrategyName>Single Table</fwdEngineeringStrategyName>
<growthPercent>0</growthPercent>
<growthType>Year</growthType>
<maxVolumes>9999999</maxVolumes>
<minVolumes>0</minVolumes>
<normalForm>Third</normalForm>
<attributes itemClass="oracle.dbtools.crest.model.design.logical.Attribute">
<Attribute name="Id" id="E457B386-5413-E2EA-2F9F-40470E1951FF">
<createdBy>Cyril</createdBy>
<createdTime>2017-03-16 21:11:31 UTC</createdTime>
<ownerDesignName>Marchand</ownerDesignName>
<engineerTo>
<item key="2F30993B-38A8-1BBC-F96E-AF39455C989F" value="true"/>
</engineerTo>
<useDomainConstraints>false</useDomainConstraints>
<use>1</use>
<logicalDatatype>LOGDT011</logicalDatatype>
<ownDataTypeParameters>,,</ownDataTypeParameters>
</Attribute>
<Attribute name="Libellé" id="4EAEE027-37F2-A370-EBFE-55CB6524D81C">
<createdBy>Cyril</createdBy>
<createdTime>2017-03-16 21:11:37 UTC</createdTime>
<ownerDesignName>Marchand</ownerDesignName>
<engineerTo>
<item key="2F30993B-38A8-1BBC-F96E-AF39455C989F" value="true"/>
</engineerTo>
<useDomainConstraints>false</useDomainConstraints>
<use>1</use>
<logicalDatatype>LOGDT037</logicalDatatype>
<ownDataTypeParameters>,,</ownDataTypeParameters>
</Attribute>
<Attribute name="Id1" id="CEAD7BB8-1913-F385-D35C-6D9F0F6153FF">
<createdBy>Cyril</createdBy>
<createdTime>2017-03-16 21:12:18 UTC</createdTime>
<generatorID>557C3884-DA10-54DC-0A0F-F9D21ED4D2AC</generatorID>
<ownerDesignName>Marchand</ownerDesignName>
<engineerTo>
<item key="2F30993B-38A8-1BBC-F96E-AF39455C989F" value="true"/>
</engineerTo>
<referedAttribute>39887ED0-47B4-8367-33D5-1923373048C3</referedAttribute>
<useDomainConstraints>false</useDomainConstraints>
<use>1</use>
<logicalDatatype>LOGDT011</logicalDatatype>
<ownDataTypeParameters>,,</ownDataTypeParameters>
</Attribute>
</attributes>
<identifiers itemClass="oracle.dbtools.crest.model.design.logical.CandidateKey">
<identifier id="5A0E0DDE-867C-DB5C-3A60-805AE80DF9FE" name="MoyenPaiement PK">
<createdBy>Cyril</createdBy>
<createdTime>2017-03-16 21:11:35 UTC</createdTime>
<ownerDesignName>Marchand</ownerDesignName>
<engineerTo>
<item key="2F30993B-38A8-1BBC-F96E-AF39455C989F" value="true"/>
</engineerTo>
<pk>true</pk>
<usedAttributes>
<attributeRef>E457B386-5413-E2EA-2F9F-40470E1951FF</attributeRef>
</usedAttributes>
</identifier>
</identifiers>
</Entity>