<?xml version = '1.0' encoding = 'UTF-8'?>
<StorageDesignSqlServerv2k8 class="oracle.dbtools.crest.model.design.storage.sqlserver.v2k12.StorageDesignSqlServerv2k12" name="SQL Server 2012" id="6A54CF35-C1A5-5BE4-21A8-F443E6EB6912" siteID="980FCE9E-D688-BDF0-C89A-C9FB2DCAED45" siteName="SQL Server 2012" siteType="13">
<createdBy>Cyril</createdBy>
<createdTime>2017-03-16 20:26:00 UTC</createdTime>
<ownerDesignName>Marchand</ownerDesignName>
<dtdialogVisible>false</dtdialogVisible>
<imported>false</imported>
</StorageDesignSqlServerv2k8>