<?xml version = '1.0' encoding = 'UTF-8'?>
<Entity class="oracle.dbtools.crest.model.design.logical.Entity" directorySegmentName="seg_0" id="02059CCE-3A76-2D7C-0B21-3A5A6F2C9B4B" name="Case">
<createdBy>Cyril</createdBy>
<createdTime>2017-04-06 21:37:34 UTC</createdTime>
<ownerDesignName>LieuxAnimaux</ownerDesignName>
<engineerTo>
<item key="A7437857-EAA1-7F69-5923-50EE6F0AF293" value="true"/>
</engineerTo>
<adequatelyNormalized>NO</adequatelyNormalized>
<expectedVolumes>0</expectedVolumes>
<fwdEngineeringStrategyName>Single Table</fwdEngineeringStrategyName>
<growthPercent>0</growthPercent>
<growthType>Year</growthType>
<hierarchicalParent>416C671C-6E48-2BCE-81A6-EDF1D0A17AE6</hierarchicalParent>
<maxVolumes>9999999</maxVolumes>
<minVolumes>0</minVolumes>
<normalForm>Third</normalForm>
<attributes itemClass="oracle.dbtools.crest.model.design.logical.Attribute">
<Attribute name="NombrePlaces" id="62581C3E-2413-276E-3F20-BEB3E5D1AAB2">
<createdBy>Cyril</createdBy>
<createdTime>2017-04-06 21:44:36 UTC</createdTime>
<ownerDesignName>LieuxAnimaux</ownerDesignName>
<engineerTo>
<item key="A7437857-EAA1-7F69-5923-50EE6F0AF293" value="true"/>
</engineerTo>
<useDomainConstraints>false</useDomainConstraints>
<use>1</use>
<logicalDatatype>LOGDT018</logicalDatatype>
<ownDataTypeParameters>,,</ownDataTypeParameters>
</Attribute>
<Attribute name="Id" id="F97A4F70-73E3-BB7C-7738-5E2A2D645F0E">
<createdBy>Cyril</createdBy>
<createdTime>2017-04-06 21:49:17 UTC</createdTime>
<generatorID>FC091DB4-8AA8-DB29-559E-CEB1CD9999DF</generatorID>
<ownerDesignName>LieuxAnimaux</ownerDesignName>
<engineerTo>
<item key="A7437857-EAA1-7F69-5923-50EE6F0AF293" value="true"/>
</engineerTo>
<referedAttribute>4D76CF54-0294-D565-3893-C4DB783FC452</referedAttribute>
<use>0</use>
<logicalDatatype>LOGDT011</logicalDatatype>
<domain>C12ED81C-82AF-1FAF-5F61-558D4710BBC1</domain>
<ownDataTypeParameters>,,</ownDataTypeParameters>
</Attribute>
</attributes>
</Entity>