<?xml version = '1.0' encoding = 'UTF-8'?>
<Entity class="oracle.dbtools.crest.model.design.logical.Entity" directorySegmentName="seg_0" id="3355AC90-305C-3363-B20B-E884C3D79FF9" name="Batiment">
<createdBy>Cyril</createdBy>
<createdTime>2017-04-06 21:37:16 UTC</createdTime>
<ownerDesignName>LieuxAnimaux</ownerDesignName>
<engineerTo>
<item key="A7437857-EAA1-7F69-5923-50EE6F0AF293" value="true"/>
</engineerTo>
<adequatelyNormalized>NO</adequatelyNormalized>
<expectedVolumes>0</expectedVolumes>
<fwdEngineeringStrategyName>Single Table</fwdEngineeringStrategyName>
<growthPercent>0</growthPercent>
<growthType>Year</growthType>
<hierarchicalParent>416C671C-6E48-2BCE-81A6-EDF1D0A17AE6</hierarchicalParent>
<maxVolumes>9999999</maxVolumes>
<minVolumes>0</minVolumes>
<normalForm>Third</normalForm>
<attributes itemClass="oracle.dbtools.crest.model.design.logical.Attribute">
<Attribute name="QuantitéFourrage" id="DDA92088-2ACE-EF35-1B67-3E9B19E3F165">
<createdBy>Cyril</createdBy>
<createdTime>2017-04-06 22:28:27 UTC</createdTime>
<ownerDesignName>LieuxAnimaux</ownerDesignName>
<engineerTo>
<item key="A7437857-EAA1-7F69-5923-50EE6F0AF293" value="true"/>
</engineerTo>
<useDomainConstraints>false</useDomainConstraints>
<use>1</use>
<logicalDatatype>LOGDT018</logicalDatatype>
<ownDataTypeParameters>,,</ownDataTypeParameters>
</Attribute>
<Attribute name="NombreAllées" id="3551208F-11DA-2A5E-5FA7-B118B54176C0">
<createdBy>Cyril</createdBy>
<createdTime>2017-04-06 22:28:39 UTC</createdTime>
<ownerDesignName>LieuxAnimaux</ownerDesignName>
<engineerTo>
<item key="A7437857-EAA1-7F69-5923-50EE6F0AF293" value="true"/>
</engineerTo>
<useDomainConstraints>false</useDomainConstraints>
<use>1</use>
<logicalDatatype>LOGDT042</logicalDatatype>
<ownDataTypeParameters>,,</ownDataTypeParameters>
</Attribute>
</attributes>
</Entity>