<?xml version = '1.0' encoding = 'UTF-8'?>
<Diagram class="oracle.dbtools.crest.swingui.relational.DPVRelational" name="MPD_Auto" id="115F376E-3A00-E409-6715-8C2FD9982CB9">
<createdBy>Formateur_DEV</createdBy>
<modifiedBy>Formateur_DEV</modifiedBy>
<createdTime>2017-04-07 08:39:02 UTC</createdTime>
<autoRoute>false</autoRoute>
<boxInbox>true</boxInbox>
<showLegend>false</showLegend>
<showLabels>false</showLabels>
<showRelAttributes>false</showRelAttributes>
<gridEnabled>false</gridEnabled>
<showGrid>false</showGrid>
<diagramColor>-1</diagramColor>
<display>false</display>
<notation>1</notation>
<objectViews>
<OView class="oracle.dbtools.crest.swingui.relational.TVTable" oid="1E67783D-1C39-284A-BC70-B6914519D880" otype="Table" vid="3DE6CBE1-0ECD-204C-7949-A50A6912DF2C">
<hideElementsInCurrentOnly>false</hideElementsInCurrentOnly>
<bounds x="129" y="468" width="170" height="58"/>
</OView>
<OView class="oracle.dbtools.crest.swingui.relational.TVTable" oid="575D5408-7E69-DF26-6DC0-A23C5B08A1E4" otype="Table" vid="63786E45-DC75-802A-72C0-FA29581B0C13">
<hideElementsInCurrentOnly>false</hideElementsInCurrentOnly>
<bounds x="321" y="121" width="72" height="46"/>
</OView>
<OView class="oracle.dbtools.crest.swingui.relational.TVTable" oid="588B5999-C133-D1EA-BE07-B875C0F09BEE" otype="Table" vid="41934106-49ED-88CC-D9D3-B57915B718E8">
<hideElementsInCurrentOnly>false</hideElementsInCurrentOnly>
<bounds x="139" y="200" width="131" height="58"/>
</OView>
<OView class="oracle.dbtools.crest.swingui.relational.TVTable" oid="6F590EA3-C6B7-93FD-E806-573CCA6BBF6F" otype="Table" vid="08662080-3E98-9AFB-27EF-B03043741719">
<hideElementsInCurrentOnly>false</hideElementsInCurrentOnly>
<bounds x="170" y="290" width="170" height="110"/>
</OView>
<OView class="oracle.dbtools.crest.swingui.relational.TVTable" oid="6FAF687D-F8D0-CF3E-44E1-42D684A6F151" otype="Table" vid="9439495D-B056-7E84-14D7-158D892B68B4">
<hideElementsInCurrentOnly>false</hideElementsInCurrentOnly>
<bounds x="431" y="417" width="126" height="64"/>
</OView>
<OView class="oracle.dbtools.crest.swingui.relational.TVTable" oid="8D3C2951-C9A5-2D44-AA09-5A2B5CDFA6B1" otype="Table" vid="5722A1E8-7B8F-CB2C-0170-502428503870">
<hideElementsInCurrentOnly>false</hideElementsInCurrentOnly>
<bounds x="18" y="109" width="90" height="62"/>
</OView>
<OView class="oracle.dbtools.crest.swingui.relational.TVTable" oid="A8D3177B-3D7A-7544-D008-D54B7FFF72D9" otype="Table" vid="D7BF49A8-BC8D-9CD4-D834-559EF42BB5AB">
<hideElementsInCurrentOnly>false</hideElementsInCurrentOnly>
<bounds x="443" y="199" width="121" height="56"/>
</OView>
<OView class="oracle.dbtools.crest.swingui.relational.TVTable" oid="CE463446-2B16-38C0-138D-67B373B9B203" otype="Table" vid="BAE050B2-4A6A-CD51-B0FB-F886043B6EFD">
<hideElementsInCurrentOnly>false</hideElementsInCurrentOnly>
<bounds x="251" y="16" width="110" height="78"/>
</OView>
</objectViews>
<connectors>
<Connector class="oracle.dbtools.crest.swingui.relational.TVFKRelation" oid="02BDA31E-4F23-173F-2F3E-947746F92695" otype="FKIndexAssociation" vid_source="5722A1E8-7B8F-CB2C-0170-502428503870" vid_target="3DE6CBE1-0ECD-204C-7949-A50A6912DF2C">
<hideElementsInCurrentOnly>false</hideElementsInCurrentOnly>
<lineWidth>1</lineWidth>
<points>
<point x="40" y="171"/>
<point x="40" y="395"/>
<point x="129" y="468"/>
</points>
</Connector>
<Connector class="oracle.dbtools.crest.swingui.relational.TVFKRelation" oid="11CDFCA5-E9EA-1E9A-2FE0-B0D49C06AC3F" otype="FKIndexAssociation" vid_source="41934106-49ED-88CC-D9D3-B57915B718E8" vid_target="3DE6CBE1-0ECD-204C-7949-A50A6912DF2C">
<hideElementsInCurrentOnly>false</hideElementsInCurrentOnly>
<lineWidth>1</lineWidth>
<points>
<point x="214" y="258"/>
<point x="214" y="468"/>
</points>
</Connector>
<Connector class="oracle.dbtools.crest.swingui.relational.TVFKRelation" oid="2B605912-F9A1-6858-E970-5991E55F2DBD" otype="FKIndexAssociation" vid_source="5722A1E8-7B8F-CB2C-0170-502428503870" vid_target="41934106-49ED-88CC-D9D3-B57915B718E8">
<hideElementsInCurrentOnly>false</hideElementsInCurrentOnly>
<lineWidth>1</lineWidth>
<points>
<point x="108" y="143"/>
<point x="203" y="143"/>
<point x="203" y="200"/>
</points>
</Connector>
<Connector class="oracle.dbtools.crest.swingui.relational.TVFKRelation" oid="340E4ACA-7490-AACD-B7CC-1D66510A3EC9" otype="FKIndexAssociation" vid_source="41934106-49ED-88CC-D9D3-B57915B718E8" vid_target="63786E45-DC75-802A-72C0-FA29581B0C13">
<hideElementsInCurrentOnly>false</hideElementsInCurrentOnly>
<lineWidth>1</lineWidth>
<points>
<point x="253" y="200"/>
<point x="253" y="147"/>
<point x="321" y="147"/>
</points>
</Connector>
<Connector class="oracle.dbtools.crest.swingui.relational.TVFKRelation" oid="371A54A7-CCD8-82B7-D109-2F6293C450EA" otype="FKIndexAssociation" vid_source="BAE050B2-4A6A-CD51-B0FB-F886043B6EFD" vid_target="5722A1E8-7B8F-CB2C-0170-502428503870">
<hideElementsInCurrentOnly>false</hideElementsInCurrentOnly>
<lineWidth>1</lineWidth>
<points>
<point x="251" y="55"/>
<point x="108" y="140"/>
</points>
</Connector>
<Connector class="oracle.dbtools.crest.swingui.relational.TVFKRelation" oid="50CCA9F5-42C4-6549-0FB2-10DC19553253" otype="FKIndexAssociation" vid_source="9439495D-B056-7E84-14D7-158D892B68B4" vid_target="08662080-3E98-9AFB-27EF-B03043741719">
<hideElementsInCurrentOnly>false</hideElementsInCurrentOnly>
<lineWidth>1</lineWidth>
<points>
<point x="431" y="449"/>
<point x="340" y="345"/>
</points>
</Connector>
<Connector class="oracle.dbtools.crest.swingui.relational.TVFKRelation" oid="5BC4D53E-963C-F055-1391-B21DFF549598" otype="FKIndexAssociation" vid_source="BAE050B2-4A6A-CD51-B0FB-F886043B6EFD" vid_target="D7BF49A8-BC8D-9CD4-D834-559EF42BB5AB">
<hideElementsInCurrentOnly>false</hideElementsInCurrentOnly>
<lineWidth>1</lineWidth>
<points>
<point x="306" y="94"/>
<point x="503" y="199"/>
</points>
</Connector>
<Connector class="oracle.dbtools.crest.swingui.relational.TVFKRelation" oid="9BCA2EBE-A1E6-F829-5725-2C30221B1B99" otype="FKIndexAssociation" vid_source="D7BF49A8-BC8D-9CD4-D834-559EF42BB5AB" vid_target="08662080-3E98-9AFB-27EF-B03043741719">
<hideElementsInCurrentOnly>false</hideElementsInCurrentOnly>
<lineWidth>1</lineWidth>
<points>
<point x="503" y="255"/>
<point x="340" y="345"/>
</points>
</Connector>
<Connector class="oracle.dbtools.crest.swingui.relational.TVFKRelation" oid="9C37DA57-BC52-762F-2250-914300F4CF52" otype="FKIndexAssociation" vid_source="41934106-49ED-88CC-D9D3-B57915B718E8" vid_target="D7BF49A8-BC8D-9CD4-D834-559EF42BB5AB">
<hideElementsInCurrentOnly>false</hideElementsInCurrentOnly>
<lineWidth>1</lineWidth>
<points>
<point x="270" y="227"/>
<point x="443" y="227"/>
</points>
</Connector>
<Connector class="oracle.dbtools.crest.swingui.relational.TVFKRelation" oid="CA21FA2B-4BDD-4D4F-D7C8-9A779CAEA3A6" otype="FKIndexAssociation" vid_source="9439495D-B056-7E84-14D7-158D892B68B4" vid_target="3DE6CBE1-0ECD-204C-7949-A50A6912DF2C">
<hideElementsInCurrentOnly>false</hideElementsInCurrentOnly>
<lineWidth>1</lineWidth>
<points>
<point x="431" y="474"/>
<point x="299" y="474"/>
</points>
</Connector>
</connectors>
<arcs>
<Arc class="oracle.dbtools.crest.swingui.relational.TVFKArc" oid="AB1A0514-5E35-08B6-B599-AC67DA4D5E2E" otype="FKArc" vid="56C7C3A4-DD7A-3EFB-42DC-8D373C6D9EA5">
<hideElementsInCurrentOnly>false</hideElementsInCurrentOnly>
<bounds x="231" y="-4" width="150" height="118"/>
</Arc>
</arcs>
</Diagram>