<?xml version = '1.0' encoding = 'UTF-8'?>
<Entity class="oracle.dbtools.crest.model.design.logical.Entity" directorySegmentName="seg_0" id="75893FE3-95A3-4EF5-DE84-9D729EAA32CA" name="Hotel">
<createdBy>Formateur_DEV</createdBy>
<createdTime>2017-04-06 10:26:06 UTC</createdTime>
<ownerDesignName>Entrainement</ownerDesignName>
<engineerTo>
<item key="97480CC8-6592-DCDC-CD11-5AC8D7A0FE9A" value="true"/>
</engineerTo>
<adequatelyNormalized>NO</adequatelyNormalized>
<expectedVolumes>0</expectedVolumes>
<fwdEngineeringStrategyName>Single Table</fwdEngineeringStrategyName>
<growthPercent>0</growthPercent>
<growthType>Year</growthType>
<maxVolumes>9999999</maxVolumes>
<minVolumes>0</minVolumes>
<normalForm>Third</normalForm>
<attributes itemClass="oracle.dbtools.crest.model.design.logical.Attribute">
<Attribute name="Nom" id="A50BCE52-639F-83AA-F33A-1A38C4C8237F">
<createdBy>Formateur_DEV</createdBy>
<createdTime>2017-04-06 10:28:32 UTC</createdTime>
<ownerDesignName>Entrainement</ownerDesignName>
<engineerTo>
<item key="97480CC8-6592-DCDC-CD11-5AC8D7A0FE9A" value="true"/>
</engineerTo>
<use>0</use>
<ownDataTypeParameters>,,</ownDataTypeParameters>
</Attribute>
<Attribute name="Id" id="DEBD5048-1131-0329-9EB1-F3645C0DFE5F">
<createdBy>Formateur_DEV</createdBy>
<createdTime>2017-04-06 10:28:51 UTC</createdTime>
<ownerDesignName>Entrainement</ownerDesignName>
<engineerTo>
<item key="97480CC8-6592-DCDC-CD11-5AC8D7A0FE9A" value="true"/>
</engineerTo>
<use>0</use>
<ownDataTypeParameters>,,</ownDataTypeParameters>
</Attribute>
</attributes>
<identifiers itemClass="oracle.dbtools.crest.model.design.logical.CandidateKey">
<identifier id="41FFB6AF-A4E7-D633-FB26-9B39352D3ABC" name="Hotel PK">
<createdBy>Formateur_DEV</createdBy>
<createdTime>2017-04-06 10:29:01 UTC</createdTime>
<ownerDesignName>Entrainement</ownerDesignName>
<engineerTo>
<item key="97480CC8-6592-DCDC-CD11-5AC8D7A0FE9A" value="true"/>
</engineerTo>
<pk>true</pk>
<usedAttributes>
<attributeRef>DEBD5048-1131-0329-9EB1-F3645C0DFE5F</attributeRef>
</usedAttributes>
</identifier>
</identifiers>
</Entity>