<?xml version = '1.0' encoding = 'UTF-8'?>
<Entity class="oracle.dbtools.crest.model.design.logical.Entity" directorySegmentName="seg_0" id="8BABBD79-4754-2F4C-5FA6-14C12E053DAD" name="Commande">
<createdBy>Formateur_DEV</createdBy>
<createdTime>2017-04-06 10:08:03 UTC</createdTime>
<ownerDesignName>Entrainement</ownerDesignName>
<engineerTo>
<item key="97480CC8-6592-DCDC-CD11-5AC8D7A0FE9A" value="true"/>
</engineerTo>
<adequatelyNormalized>NO</adequatelyNormalized>
<expectedVolumes>0</expectedVolumes>
<fwdEngineeringStrategyName>Single Table</fwdEngineeringStrategyName>
<growthPercent>0</growthPercent>
<growthType>Year</growthType>
<maxVolumes>9999999</maxVolumes>
<minVolumes>0</minVolumes>
<normalForm>Third</normalForm>
<attributes itemClass="oracle.dbtools.crest.model.design.logical.Attribute">
<Attribute name="Id" id="F19A2545-4F79-91EC-A57D-651A3902EA85">
<createdBy>Formateur_DEV</createdBy>
<createdTime>2017-04-06 10:14:28 UTC</createdTime>
<ownerDesignName>Entrainement</ownerDesignName>
<engineerTo>
<item key="97480CC8-6592-DCDC-CD11-5AC8D7A0FE9A" value="true"/>
</engineerTo>
<use>0</use>
<ownDataTypeParameters>,,</ownDataTypeParameters>
</Attribute>
<Attribute name="Date" id="C399DDD8-261E-20ED-406C-3A5ADD12F045">
<createdBy>Formateur_DEV</createdBy>
<createdTime>2017-04-06 10:14:48 UTC</createdTime>
<ownerDesignName>Entrainement</ownerDesignName>
<engineerTo>
<item key="97480CC8-6592-DCDC-CD11-5AC8D7A0FE9A" value="true"/>
</engineerTo>
<use>0</use>
<ownDataTypeParameters>,,</ownDataTypeParameters>
</Attribute>
<Attribute name="Id1" id="330C8A91-FD7D-3BF4-7F0A-5D67E2515F14">
<createdBy>Formateur_DEV</createdBy>
<createdTime>2017-04-06 10:16:06 UTC</createdTime>
<generatorID>E1503F3B-DF0D-4DE7-7EBC-34FAFD1E01F1</generatorID>
<ownerDesignName>Entrainement</ownerDesignName>
<engineerTo>
<item key="97480CC8-6592-DCDC-CD11-5AC8D7A0FE9A" value="true"/>
</engineerTo>
<referedAttribute>D88D90A2-6472-8C4A-B7DB-3E786ECD0452</referedAttribute>
<useDomainConstraints>false</useDomainConstraints>
<use>1</use>
<logicalDatatype>LOGDT011</logicalDatatype>
<ownDataTypeParameters>,,</ownDataTypeParameters>
</Attribute>
</attributes>
<identifiers itemClass="oracle.dbtools.crest.model.design.logical.CandidateKey">
<identifier id="11FAF0FF-169C-0FF5-047E-34AC650C00B9" name="Commande PK">
<createdBy>Formateur_DEV</createdBy>
<createdTime>2017-04-06 10:14:46 UTC</createdTime>
<ownerDesignName>Entrainement</ownerDesignName>
<engineerTo>
<item key="97480CC8-6592-DCDC-CD11-5AC8D7A0FE9A" value="true"/>
</engineerTo>
<pk>true</pk>
<usedAttributes>
<attributeRef>F19A2545-4F79-91EC-A57D-651A3902EA85</attributeRef>
</usedAttributes>
</identifier>
</identifiers>
</Entity>