<?xml version = '1.0' encoding = 'UTF-8'?>
<StorageDesignSqlServerv2k8 class="oracle.dbtools.crest.model.design.storage.sqlserver.v2k8.StorageDesignSqlServerv2k8" name="SQL Server 2008" id="653AD661-1C11-02BA-FD46-89F3E0369976" siteID="22943E51-0387-1F2A-CED9-5FB738BA5A0C" siteName="SQL Server 2008" siteType="12">
<createdBy>Cyril</createdBy>
<createdTime>2017-03-16 20:26:30 UTC</createdTime>
<ownerDesignName>Marchand</ownerDesignName>
<dtdialogVisible>false</dtdialogVisible>
<imported>false</imported>
</StorageDesignSqlServerv2k8>