<?xml version = '1.0' encoding = 'UTF-8'?>
<Relation class="oracle.dbtools.crest.model.design.logical.Relation" name="Relation_4" directorySegmentName="seg_0" id="E2C101D0-8B1C-77CF-349A-9B0F07026391">
<createdBy>Formateur_DEV</createdBy>
<createdTime>2017-04-06 11:34:35 UTC</createdTime>
<ownerDesignName>Entrainement</ownerDesignName>
<engineerTo>
<item key="97480CC8-6592-DCDC-CD11-5AC8D7A0FE9A" value="true"/>
</engineerTo>
<sourcePk>1D31A123-07CE-2F1C-4BD3-D78EE0EBAB42</sourcePk>
<identifying>false</identifying>
<optionalSource>true</optionalSource>
<optionalTarget>false</optionalTarget>
<sourceCardinality>1</sourceCardinality>
<sourceEntity>C3F22D7E-AC21-DCCC-14AD-DD9B12D1CA03</sourceEntity>
<targetCardinalityString>*</targetCardinalityString>
<targetEntity>FD30F7C0-C1AA-2A39-3C9E-74244C0E68C6</targetEntity>
<transferable>true</transferable>
<deleteRule>NO ACTION</deleteRule>
</Relation>