<?xml version = '1.0' encoding = 'UTF-8'?>
<Relation class="oracle.dbtools.crest.model.design.logical.Relation" name="Relation_2" directorySegmentName="seg_0" id="F923B109-1634-5DBE-3C3E-DD79C8F50FE4">
<createdBy>Formateur_DEV</createdBy>
<createdTime>2017-04-06 10:22:43 UTC</createdTime>
<ownerDesignName>Entrainement</ownerDesignName>
<engineerTo>
<item key="97480CC8-6592-DCDC-CD11-5AC8D7A0FE9A" value="true"/>
</engineerTo>
<identifying>false</identifying>
<optionalSource>false</optionalSource>
<optionalTarget>true</optionalTarget>
<sourceCardinality>*</sourceCardinality>
<sourceEntity>8BABBD79-4754-2F4C-5FA6-14C12E053DAD</sourceEntity>
<targetCardinalityString>*</targetCardinalityString>
<targetEntity>D72BB73E-8DC9-61D2-E732-60B5B9ED1BD0</targetEntity>
<transferable>true</transferable>
<deleteRule>NO ACTION</deleteRule>
</Relation>