<?xml version = '1.0' encoding = 'UTF-8'?>
<Diagram class="oracle.dbtools.crest.swingui.logical.DPVLogical" name="Logical" id="AE2F7889-FC1F-B0B1-2830-755A0732DC56">
<createdBy>Cyril</createdBy>
<modifiedBy>Cyril</modifiedBy>
<createdTime>2017-04-06 21:36:23 UTC</createdTime>
<autoRoute>false</autoRoute>
<boxInbox>false</boxInbox>
<showLegend>false</showLegend>
<showLabels>true</showLabels>
<showRelAttributes>false</showRelAttributes>
<gridEnabled>false</gridEnabled>
<showGrid>false</showGrid>
<diagramColor>-1</diagramColor>
<display>false</display>
<notation>1</notation>
<objectViews>
<OView class="oracle.dbtools.crest.swingui.logical.TVEntity" oid="02059CCE-3A76-2D7C-0B21-3A5A6F2C9B4B" otype="Entity" vid="7A10C8A6-1A90-8733-3739-33E04A5DFF8C">
<hideElementsInCurrentOnly>false</hideElementsInCurrentOnly>
<bounds x="217" y="189" width="124" height="71"/>
</OView>
<OView class="oracle.dbtools.crest.swingui.logical.TVEntity" oid="26777191-25E4-A022-B077-A84ABD1F2B79" otype="Entity" vid="83025799-CDD2-10AD-DAD8-465F40290E94">
<hideElementsInCurrentOnly>false</hideElementsInCurrentOnly>
<bounds x="404" y="196" width="103" height="61"/>
</OView>
<OView class="oracle.dbtools.crest.swingui.logical.TVEntity" oid="3355AC90-305C-3363-B20B-E884C3D79FF9" otype="Entity" vid="EF935B75-47BA-55D7-89BE-DCAE57D1D421">
<hideElementsInCurrentOnly>false</hideElementsInCurrentOnly>
<bounds x="20" y="193" width="119" height="69"/>
</OView>
<OView class="oracle.dbtools.crest.swingui.logical.TVEntity" oid="416C671C-6E48-2BCE-81A6-EDF1D0A17AE6" otype="Entity" vid="BE9DF8C7-6095-6E74-E74D-F55E17C13AB6">
<hideElementsInCurrentOnly>false</hideElementsInCurrentOnly>
<bounds x="78" y="25" width="170" height="77"/>
</OView>
<OView class="oracle.dbtools.crest.swingui.logical.TVEntity" oid="C75B37F4-4978-F761-3A9A-45CC2385681B" otype="Entity" vid="FD1852F4-5DB3-14BB-0153-357A6569C432">
<hideElementsInCurrentOnly>false</hideElementsInCurrentOnly>
<bounds x="342" y="22" width="170" height="90"/>
</OView>
<OView class="oracle.dbtools.crest.swingui.TVNote" oid="F0CB8F1B-3F17-4460-0241-C9025E6FE9D7" otype="Note" vid="4C83EAE8-C2FF-F4DE-B187-8E1654485C9A">
<hideElementsInCurrentOnly>false</hideElementsInCurrentOnly>
<bounds x="128" y="113" width="81" height="61"/>
<useCustomFormat>true</useCustomFormat>
<useDefaultColor>false</useDefaultColor>
<backgroundColor>-1</backgroundColor>
<foregroundColor>-16777216</foregroundColor>
<comment>Type :&lt;br/&gt;1 = pré&lt;br/&gt;2 = bâtiment&lt;br/&gt;3 = case</comment>
<fonts itemClass="oracle.dbtools.crest.model.design.FontObjectWr">
<FontObject>
<foType>Titre</foType>
<colorRGB>-16777216</colorRGB>
</FontObject>
</fonts>
</OView>
</objectViews>
<connectors>
<Connector class="oracle.dbtools.crest.swingui.logical.TVRelation" oid="34C93B06-6A86-030E-8622-245B2B830BE1" otype="Relation" vid_source="83025799-CDD2-10AD-DAD8-465F40290E94" vid_target="FD1852F4-5DB3-14BB-0153-357A6569C432">
<hideElementsInCurrentOnly>false</hideElementsInCurrentOnly>
<lineWidth>1</lineWidth>
<points>
<point x="455" y="179"/>
<point x="455" y="112"/>
</points>
</Connector>
<Connector class="oracle.dbtools.crest.swingui.logical.TVRelation" oid="39EA971D-948E-8CA3-FCCE-41BDA0EDE7A4" otype="Relation" vid_source="BE9DF8C7-6095-6E74-E74D-F55E17C13AB6" vid_target="FD1852F4-5DB3-14BB-0153-357A6569C432">
<hideElementsInCurrentOnly>false</hideElementsInCurrentOnly>
<lineWidth>1</lineWidth>
<sourceLabel class="oracle.dbtools.crest.model.design.Label">
<site>0</site>
<labelBounds x="260" y="76" width="61" height="22"/>
<fonts itemClass="oracle.dbtools.crest.model.design.FontObjectWr">
<FontObject>
<foType>Texte</foType>
<colorRGB>-16777216</colorRGB>
</FontObject>
</fonts>
</sourceLabel>
<points>
<point x="248" y="73"/>
<point x="342" y="73"/>
</points>
</Connector>
<Connector class="oracle.dbtools.crest.swingui.logical.TVInheritanceRelation" oid="5D41F0D5-9BD0-F254-3566-B84DB1672B9D" otype="Hierarchy relation" vid_source="BE9DF8C7-6095-6E74-E74D-F55E17C13AB6" vid_target="EF935B75-47BA-55D7-89BE-DCAE57D1D421">
<hideElementsInCurrentOnly>false</hideElementsInCurrentOnly>
<lineWidth>1</lineWidth>
<points>
<point x="108" y="102"/>
<point x="108" y="193"/>
</points>
</Connector>
<Connector class="oracle.dbtools.crest.swingui.logical.TVInheritanceRelation" oid="6C548819-8266-C05B-AE4B-5D4D8E88629E" otype="Hierarchy relation" vid_source="BE9DF8C7-6095-6E74-E74D-F55E17C13AB6" vid_target="7A10C8A6-1A90-8733-3739-33E04A5DFF8C">
<hideElementsInCurrentOnly>false</hideElementsInCurrentOnly>
<lineWidth>1</lineWidth>
<points>
<point x="232" y="102"/>
<point x="232" y="189"/>
</points>
</Connector>
<Connector class="oracle.dbtools.crest.swingui.logical.TVRelation" oid="6CE9DF7A-EBAC-043D-B2C2-7C02E396CD17" otype="Relation" vid_source="BE9DF8C7-6095-6E74-E74D-F55E17C13AB6" vid_target="FD1852F4-5DB3-14BB-0153-357A6569C432">
<hideElementsInCurrentOnly>false</hideElementsInCurrentOnly>
<lineWidth>1</lineWidth>
<sourceLabel class="oracle.dbtools.crest.model.design.Label">
<site>0</site>
<labelBounds x="260" y="50" width="52" height="20"/>
<fonts itemClass="oracle.dbtools.crest.model.design.FontObjectWr">
<FontObject>
<foType>Texte</foType>
<colorRGB>-16777216</colorRGB>
</FontObject>
</fonts>
</sourceLabel>
<points>
<point x="248" y="47"/>
<point x="342" y="47"/>
</points>
</Connector>
<Connector class="oracle.dbtools.crest.swingui.logical.TVRelation" oid="FC091DB4-8AA8-DB29-559E-CEB1CD9999DF" otype="Relation" vid_source="EF935B75-47BA-55D7-89BE-DCAE57D1D421" vid_target="7A10C8A6-1A90-8733-3739-33E04A5DFF8C">
<hideElementsInCurrentOnly>false</hideElementsInCurrentOnly>
<lineWidth>1</lineWidth>
<points>
<point x="139" y="226"/>
<point x="217" y="226"/>
</points>
</Connector>
</connectors>
</Diagram>