<?xml version = '1.0' encoding = 'UTF-8'?>
<relationalModel class="oracle.dbtools.crest.model.design.relational.RelationalDesign" name="Relational_1" id="97480CC8-6592-DCDC-CD11-5AC8D7A0FE9A" mainViewID="65A15B65-0005-46D4-172B-0308684E4F5C">
<createdBy>Formateur_DEV</createdBy>
<createdTime>2017-04-06 10:05:49 UTC</createdTime>
<ownerDesignName>Entrainement</ownerDesignName>
<shouldBeOpen>false</shouldBeOpen>
<selectedRDBMSSite>22943E51-0387-1F2A-CED9-5FB738BA5A0C</selectedRDBMSSite>
</relationalModel>