<?xml version = '1.0' encoding = 'UTF-8'?>
<Diagram class="oracle.dbtools.crest.swingui.logical.DPVLogical" name="Logical" id="BFF20596-DEE3-109A-DC39-8464B5B3CD2E">
<createdBy>Formateur_DEV</createdBy>
<modifiedBy>Formateur_DEV</modifiedBy>
<createdTime>2017-04-07 12:20:31 UTC</createdTime>
<autoRoute>false</autoRoute>
<boxInbox>false</boxInbox>
<showLegend>false</showLegend>
<showLabels>true</showLabels>
<showRelAttributes>true</showRelAttributes>
<gridEnabled>false</gridEnabled>
<showGrid>false</showGrid>
<diagramColor>-1</diagramColor>
<legendPosX>789</legendPosX>
<legendPosY>129</legendPosY>
<display>false</display>
<notation>1</notation>
<objectViews>
<OView class="oracle.dbtools.crest.swingui.logical.TVEntity" oid="0E0E83DF-640D-CC07-E039-C32D56B83F80" otype="Entity" vid="D1E8D117-59EA-88BB-5088-A62427F5B88F">
<hideElementsInCurrentOnly>false</hideElementsInCurrentOnly>
<bounds x="393" y="317" width="170" height="93"/>
</OView>
<OView class="oracle.dbtools.crest.swingui.TVNote" oid="1661568B-ADDB-6D7B-4C04-56842E16B2FC" otype="Note" vid="19FAFBB9-00F3-4D1F-9614-8C8795E872BD">
<hideElementsInCurrentOnly>false</hideElementsInCurrentOnly>
<bounds x="505" y="215" width="94" height="78"/>
<useCustomFormat>true</useCustomFormat>
<useDefaultColor>false</useDefaultColor>
<backgroundColor>-1</backgroundColor>
<foregroundColor>-16777216</foregroundColor>
<comment>Rangs :&lt;br/&gt;1 = finale&lt;br/&gt;2 = 1/2 finale&lt;br/&gt;4 = 1/4 finale&lt;br/&gt;...etc</comment>
<fonts itemClass="oracle.dbtools.crest.model.design.FontObjectWr">
<FontObject>
<foType>Titre</foType>
<colorRGB>-16777216</colorRGB>
</FontObject>
</fonts>
</OView>
<OView class="oracle.dbtools.crest.swingui.logical.TVEntity" oid="1B132BE9-6981-7A4F-E878-E35088B07C30" otype="Entity" vid="44BB0113-1373-CAED-1A79-BA46D0BEC13A">
<hideElementsInCurrentOnly>false</hideElementsInCurrentOnly>
<bounds x="617" y="33" width="132" height="74"/>
</OView>
<OView class="oracle.dbtools.crest.swingui.logical.TVEntity" oid="1B99A3F2-A1A5-2702-2F4E-D2838E32AC5F" otype="Entity" vid="BA14009C-994E-7B86-0137-2B70B45DC596">
<hideElementsInCurrentOnly>false</hideElementsInCurrentOnly>
<bounds x="89" y="330" width="170" height="74"/>
</OView>
<OView class="oracle.dbtools.crest.swingui.logical.TVEntity" oid="47EA6ED4-CFE7-3AC1-B289-A52F4B391572" otype="Entity" vid="25797D02-7CCC-9860-5D42-02194F962B0B">
<hideElementsInCurrentOnly>false</hideElementsInCurrentOnly>
<bounds x="625" y="321" width="170" height="78"/>
</OView>
<OView class="oracle.dbtools.crest.swingui.TVNote" oid="571FC512-DD75-23FC-1603-516CE3B06A46" otype="Note" vid="CCDAF9D3-3154-BAB9-EA3B-D590E7958D18">
<hideElementsInCurrentOnly>false</hideElementsInCurrentOnly>
<bounds x="625" y="213" width="129" height="94"/>
<useCustomFormat>true</useCustomFormat>
<useDefaultColor>false</useDefaultColor>
<backgroundColor>-1</backgroundColor>
<foregroundColor>-16777216</foregroundColor>
<comment>Type:&lt;br/&gt;1 = simple messieurs&lt;br/&gt;11 = double messieurs&lt;br/&gt;12 = mixte&lt;br/&gt;2 = simple dames&lt;br/&gt;22 = double dames</comment>
<fonts itemClass="oracle.dbtools.crest.model.design.FontObjectWr">
<FontObject>
<foType>Titre</foType>
<colorRGB>-16777216</colorRGB>
</FontObject>
</fonts>
</OView>
<OView class="oracle.dbtools.crest.swingui.logical.TVEntity" oid="77C6146F-6EF1-0C70-9873-6515C9EBBBBF" otype="Entity" vid="64BDBCB9-BF58-76AB-1FF9-8E698D1E4C43">
<hideElementsInCurrentOnly>false</hideElementsInCurrentOnly>
<bounds x="78" y="137" width="170" height="64"/>
</OView>
<OView class="oracle.dbtools.crest.swingui.logical.TVEntity" oid="7ECF3658-ABFA-99BA-228F-73F0CE5DDAF0" otype="Entity" vid="24B97601-9396-5913-7474-BFDA60AB56B9">
<hideElementsInCurrentOnly>false</hideElementsInCurrentOnly>
<bounds x="377" y="488" width="170" height="68"/>
</OView>
<OView class="oracle.dbtools.crest.swingui.TVNote" oid="8997DE46-D81F-69A8-9BA0-395A4D7ED85C" otype="Note" vid="B0FEB47A-1D28-C671-35B9-B30B89A3AA5A">
<hideElementsInCurrentOnly>false</hideElementsInCurrentOnly>
<bounds x="223" y="414" width="185" height="53"/>
<useCustomFormat>true</useCustomFormat>
<useDefaultColor>false</useDefaultColor>
<backgroundColor>-1</backgroundColor>
<foregroundColor>-16777216</foregroundColor>
<comment>On peut savoir quelle est la composition des doubles en regardant les 2 joueurs qui ont gagné</comment>
<fonts itemClass="oracle.dbtools.crest.model.design.FontObjectWr">
<FontObject>
<foType>Titre</foType>
<colorRGB>-16777216</colorRGB>
</FontObject>
</fonts>
</OView>
<OView class="oracle.dbtools.crest.swingui.logical.TVEntity" oid="8ACC0A39-BBAE-5123-A2BF-B80208966113" otype="Entity" vid="E0A6ABA4-FC45-9930-691F-A212537DEA25">
<hideElementsInCurrentOnly>false</hideElementsInCurrentOnly>
<bounds x="385" y="30" width="170" height="70"/>
</OView>
<OView class="oracle.dbtools.crest.swingui.TVNote" oid="B4A645C5-FB66-3CA5-831D-6D135DE0BCC2" otype="Note" vid="CCE83F83-47D1-4291-A0B5-59D932CEAD1C">
<hideElementsInCurrentOnly>false</hideElementsInCurrentOnly>
<bounds x="733" y="404" width="146" height="60"/>
<useCustomFormat>true</useCustomFormat>
<useDefaultColor>false</useDefaultColor>
<backgroundColor>-1</backgroundColor>
<foregroundColor>-16777216</foregroundColor>
<comment>On ne représente ici que l&apos;arbitre principal de chaque match</comment>
<fonts itemClass="oracle.dbtools.crest.model.design.FontObjectWr">
<FontObject>
<foType>Titre</foType>
<colorRGB>-16777216</colorRGB>
</FontObject>
</fonts>
</OView>
<OView class="oracle.dbtools.crest.swingui.logical.TVEntity" oid="FE45E0C4-A001-6851-9EAB-C39CB07B21DA" otype="Entity" vid="4EC5C174-9A55-77BA-5DF3-841E8339C471">
<hideElementsInCurrentOnly>false</hideElementsInCurrentOnly>
<bounds x="88" y="29" width="158" height="62"/>
</OView>
</objectViews>
<connectors>
<Connector class="oracle.dbtools.crest.swingui.logical.TVRelation" oid="0C351A93-0312-9CE8-1CC2-FB67AD4803B7" otype="Relation" vid_source="4EC5C174-9A55-77BA-5DF3-841E8339C471" vid_target="E0A6ABA4-FC45-9930-691F-A212537DEA25">
<hideElementsInCurrentOnly>false</hideElementsInCurrentOnly>
<lineWidth>1</lineWidth>
<points>
<point x="246" y="60"/>
<point x="385" y="60"/>
</points>
</Connector>
<Connector class="oracle.dbtools.crest.swingui.logical.TVInheritanceRelation" oid="15F48AD2-C49C-9315-5FD3-9A918870944E" otype="Hierarchy relation" vid_source="24B97601-9396-5913-7474-BFDA60AB56B9" vid_target="25797D02-7CCC-9860-5D42-02194F962B0B">
<hideElementsInCurrentOnly>false</hideElementsInCurrentOnly>
<lineWidth>1</lineWidth>
<points>
<point x="547" y="515"/>
<point x="694" y="515"/>
<point x="694" y="399"/>
</points>
</Connector>
<Connector class="oracle.dbtools.crest.swingui.logical.TVRelation" oid="2AEFE270-E9FF-8F00-4065-BEF93389174A" otype="Relation" vid_source="E0A6ABA4-FC45-9930-691F-A212537DEA25" vid_target="D1E8D117-59EA-88BB-5088-A62427F5B88F">
<hideElementsInCurrentOnly>false</hideElementsInCurrentOnly>
<lineWidth>1</lineWidth>
<points>
<point x="474" y="100"/>
<point x="474" y="317"/>
</points>
</Connector>
<Connector class="oracle.dbtools.crest.swingui.logical.TVRelation" oid="4460D8FF-DC26-B760-768D-6CFE18170AE1" otype="Relation" vid_source="D1E8D117-59EA-88BB-5088-A62427F5B88F" vid_target="BA14009C-994E-7B86-0137-2B70B45DC596">
<hideElementsInCurrentOnly>false</hideElementsInCurrentOnly>
<lineWidth>1</lineWidth>
<centerLabel class="oracle.dbtools.crest.model.design.Label">
<site>1</site>
<labelBounds x="5" y="23" width="51" height="31"/>
<fonts itemClass="oracle.dbtools.crest.model.design.FontObjectWr">
<FontObject>
<foType>Non NULL</foType>
<colorRGB>-65536</colorRGB>
</FontObject>
<FontObject>
<foType>Attribut</foType>
<colorRGB>-16777216</colorRGB>
</FontObject>
</fonts>
</centerLabel>
<points>
<point x="393" y="365"/>
<point x="259" y="364"/>
</points>
</Connector>
<Connector class="oracle.dbtools.crest.swingui.logical.TVRelation" oid="5BB05A2C-31A2-FB30-5A6A-3E5B9CA32E02" otype="Relation" vid_source="25797D02-7CCC-9860-5D42-02194F962B0B" vid_target="D1E8D117-59EA-88BB-5088-A62427F5B88F">
<hideElementsInCurrentOnly>false</hideElementsInCurrentOnly>
<lineWidth>1</lineWidth>
<points>
<point x="625" y="360"/>
<point x="563" y="360"/>
</points>
</Connector>
<Connector class="oracle.dbtools.crest.swingui.logical.TVRelation" oid="91EC2831-B75E-330D-4D53-988FBA367108" otype="Relation" vid_source="64BDBCB9-BF58-76AB-1FF9-8E698D1E4C43" vid_target="BA14009C-994E-7B86-0137-2B70B45DC596">
<hideElementsInCurrentOnly>false</hideElementsInCurrentOnly>
<lineWidth>1</lineWidth>
<centerLabel class="oracle.dbtools.crest.model.design.Label">
<site>1</site>
<labelBounds x="13" y="24" width="150" height="35"/>
<fonts itemClass="oracle.dbtools.crest.model.design.FontObjectWr">
<FontObject>
<foType>Non NULL</foType>
<colorRGB>-65536</colorRGB>
</FontObject>
<FontObject>
<foType>Attribut</foType>
<colorRGB>-16777216</colorRGB>
</FontObject>
</fonts>
</centerLabel>
<points>
<point x="160" y="201"/>
<point x="160" y="330"/>
</points>
</Connector>
<Connector class="oracle.dbtools.crest.swingui.logical.TVInheritanceRelation" oid="9360145F-8358-3E5F-7BDB-DA7079DA65BD" otype="Hierarchy relation" vid_source="24B97601-9396-5913-7474-BFDA60AB56B9" vid_target="BA14009C-994E-7B86-0137-2B70B45DC596">
<hideElementsInCurrentOnly>false</hideElementsInCurrentOnly>
<lineWidth>1</lineWidth>
<points>
<point x="377" y="520"/>
<point x="182" y="520"/>
<point x="182" y="404"/>
</points>
</Connector>
<Connector class="oracle.dbtools.crest.swingui.logical.TVRelation" oid="C76917CA-0FA9-8704-9F4B-CC3DB4A3E711" otype="Relation" vid_source="64BDBCB9-BF58-76AB-1FF9-8E698D1E4C43" vid_target="4EC5C174-9A55-77BA-5DF3-841E8339C471">
<hideElementsInCurrentOnly>false</hideElementsInCurrentOnly>
<lineWidth>1</lineWidth>
<points>
<point x="167" y="137"/>
<point x="167" y="91"/>
</points>
</Connector>
<Connector class="oracle.dbtools.crest.swingui.logical.TVRelation" oid="E06CE1DA-2875-27F3-0EB7-12943BFEA2C2" otype="Relation" vid_source="E0A6ABA4-FC45-9930-691F-A212537DEA25" vid_target="44BB0113-1373-CAED-1A79-BA46D0BEC13A">
<hideElementsInCurrentOnly>false</hideElementsInCurrentOnly>
<lineWidth>1</lineWidth>
<points>
<point x="555" y="66"/>
<point x="624" y="61"/>
</points>
</Connector>
</connectors>
</Diagram>