<?xml version = '1.0' encoding = 'UTF-8'?>
<Relation class="oracle.dbtools.crest.model.design.logical.Relation" name="Relation_2" directorySegmentName="seg_0" id="6CE9DF7A-EBAC-043D-B2C2-7C02E396CD17">
<createdBy>Cyril</createdBy>
<createdTime>2017-04-06 21:49:58 UTC</createdTime>
<ownerDesignName>LieuxAnimaux</ownerDesignName>
<engineerTo>
<item key="A7437857-EAA1-7F69-5923-50EE6F0AF293" value="true"/>
</engineerTo>
<sourcePk>8BEF18E9-B6A7-B26F-DC2B-20535C2F7E9D</sourcePk>
<identifying>false</identifying>
<nameOnSource>principal</nameOnSource>
<optionalSource>true</optionalSource>
<optionalTarget>false</optionalTarget>
<sourceCardinality>1</sourceCardinality>
<sourceEntity>416C671C-6E48-2BCE-81A6-EDF1D0A17AE6</sourceEntity>
<targetCardinalityString>*</targetCardinalityString>
<targetEntity>C75B37F4-4978-F761-3A9A-45CC2385681B</targetEntity>
<transferable>true</transferable>
<deleteRule>NO ACTION</deleteRule>
</Relation>